,text,user_location,location,Lat,Lon,geometry
7857,"RT @KetArtDragon: Bowser's Fury
Mario is a Furry https://t.co/UQ7bxTtUY7","Rio de Janeiro, Brasil","Rio de Janeiro, Regi√£o Geogr√°fica Imediata do Rio de Janeiro, Regi√£o Metropolitana do Rio de Janeiro, Regi√£o Geogr√°fica Intermedi√°ria do Rio de Janeiro, Rio de Janeiro, Regi√£o Sudeste, Brasil",-22.9110137,-43.2093727,POINT (-43.2093727 -22.9110137)
10277,RT @Burgnut1: @JoeBiden Ok but what do you think of Bowser‚Äôs fury?,your local library,"Your Local, Camden Road, Somers Town, London Borough of Camden, London, Greater London, England, NW1 9DR, United Kingdom",51.5400989,-0.1404018,POINT (-0.1404018 51.5400989)
12519,RT @Nibellion: Official key art for Bowser's Fury https://t.co/FlyRwzo6xP,Minnesota,"Minnesota, United States",45.9896587,-94.6113288,POINT (-94.6113288 45.9896587)
12387,"RT @MarioBrothBlog: As seen in the new trailer for Super Mario 3D World + Bowser's Fury, everything in the Bowser's Fury adventure is cat-t‚Ä¶",Long Island,"Long Island, New York, United States",40.85149705,-73.0994258107431,POINT (-73.0994258107431 40.85149705)
15747,"RT @NintendoEurope: Later today, Bowser's Fury will be unleashed in a new #SuperMario3DWorld + #BowsersFury trailer! Come back at 15:00 CET‚Ä¶","Lazio, Northern Italy","Residenza dell'Ambasciatore Britannico, Via Ludovico di Savoia, Municipio Roma I, Roma, Roma Capitale, Lazio, 00183, Italia",41.8885339,12.5100906,POINT (12.5100906 41.8885339)
4464,if i can‚Äôt play as princess peach in bowser‚Äôs fury i will be sad,Funky Town,"Funky Town, Fatehpur, Dharmsala, Kangra, Himachal Pradesh, India",32.200235,76.35629641919047,POINT (76.35629641919047 32.200235)
20680,"RT @IGN: A new trailer for Super Mario 3D World + Bowser's Fury is being released tomorrow, January 12. https://t.co/bbgZEluhoF https://t.c‚Ä¶",Subang Jaya,"Subang Jaya, Selangor, Malaysia",3.03059545,101.65135048573256,POINT (101.6513504857326 3.03059545)
15028,RT @Nibellion: Official key art for Bowser's Fury https://t.co/FlyRwzo6xP,United States,United States,39.7837304,-100.4458825,POINT (-100.4458825 39.7837304)
2423,RT @Mechazawa: Bowser's Fury https://t.co/GUqNBjbSpm,"Minnesota, USA","Minnesota, United States",45.9896587,-94.6113288,POINT (-94.6113288 45.9896587)
13360,RT @RANK10YGO: Watching the Bowser's Fury trailer expecting some small extra content for 3D World and then actually seeing it https://t.co/‚Ä¶,"Ohsweken, Ontario","Ohsweken, Southwestern Ontario, Ontario, N3W 2B2, Canada",43.0687351,-80.1179909,POINT (-80.1179909 43.0687351)
6004,RT @Nibellion: Official key art for Bowser's Fury https://t.co/FlyRwzo6xP,1312,"A√Øn Fezza ‚µÑ‚µâ‚µè ‚¥º‚¥ª‚µ£‚µ£‚¥∞ ÿπŸäŸÜ ŸÅÿ≤ÿ©, Da√Øra Chetouane, Tlemcen ‚µú‚µç‚¥ª‚µé‚µô‚¥ª‚µè ÿ™ŸÑŸÖÿ≥ÿßŸÜ, Alg√©rie / ‚µç‚µ£‚µ£‚¥∞‚µ¢‚¥ª‚µî / ÿßŸÑÿ¨ÿ≤ÿßÿ¶ÿ±",34.8780405,-1.2348586,POINT (-1.2348586 34.8780405)
20626,RT @NintendoAmerica: Bowser's Fury will be unleashed in a new #SuperMario3DWorld + #BowsersFury trailer tomorrow! Come back at 6am PT to se‚Ä¶,"Las Cruces, NM","Las Cruces, Do√±a Ana County, New Mexico, United States",32.3140354,-106.7798078,POINT (-106.7798078 32.3140354)
5181,"RT @KaisysDreamland: Based on the trailer it seems like Bowser's Fury is going to be more similar to the open world style 3D Mario games, a‚Ä¶",somewhere,"Somewhere, Ë¥æÊ±™Âå∫, Ë¥æÊ±™Âå∫ (Jiawang), Ê±üËãèÁúÅ, ‰∏≠ÂõΩ",34.4420602,117.5295201,POINT (117.5295201 34.4420602)
3813,@OllieH0217 The new 3D world + Bowser‚Äôs fury is a lot like 3D Land actually.,Tokyo-3,"„Éâ„Ç≥„É¢„Ç∑„Éß„ÉÉ„Éó, 3, ÂÖ´ÁéãÂ≠êÊ≠¶ËîµÊùëÂ±±Á∑ö, Ê≠¶ËîµÊùëÂ±±Â∏Ç, Êù±‰∫¨ÈÉΩ, 208-0022, Êó•Êú¨",35.7471421,139.3853853,POINT (139.3853853 35.7471421)
20674,@NintendoAmerica Finally get to see what the hell bowser‚Äôs fury is,"England, United Kingdom","England, United Kingdom",52.5310214,-1.2649062,POINT (-1.2649062 52.5310214)
8265,"So apparently the Japanese press release of Bowser's Fury referred to this form of Bowser as ""God-Slayer Bowser"".‚Ä¶ https://t.co/5PRvY3q82M",United States,United States,39.7837304,-100.4458825,POINT (-100.4458825 39.7837304)
25351,RT @NintendoAmerica: Bowser's Fury will be unleashed in a new #SuperMario3DWorld + #BowsersFury trailer tomorrow! Come back at 6am PT to se‚Ä¶,United States,United States,39.7837304,-100.4458825,POINT (-100.4458825 39.7837304)
16229,Super Mario 3D World + Bowser‚Äôs Fury (2021) https://t.co/quawRhxy0x,The Internet,"Internet, Saint Michel de l‚ÄôAttalaye, Commune de Saint Michel de l'Attalaye, Arrondissement de Marmelade, D√©partement de l'Artibonite, Ayiti",19.37218875,-72.33465445105234,POINT (-72.33465445105234 19.37218875)
4749,RT @TinyGothWitch: Bowser's Fury (2021) https://t.co/e4z8MztdLn,Inaba,"Âõ†Âπ°ÂõΩ, È≥•ÂèñÁúå, Êó•Êú¨",35.486115,134.19417637724553,POINT (134.1941763772455 35.486115)
1446,"RT @beardfear: Absolutely livid that Nintendo isn't releasing Bowser's Fury as DLC for the Wii U. If this is how Nintendo treats its fans,‚Ä¶",Texas,"Texas, United States",31.8160381,-99.5120986,POINT (-99.5120986 31.8160381)
23011,"3D World is an awesome game as it is. Besides my curiosity on Bowser's Fury, a few more playable heroes like Daisy,‚Ä¶ https://t.co/zz2tSeEJl2",United States,United States,39.7837304,-100.4458825,POINT (-100.4458825 39.7837304)
23,"RT @JesssAdel: *sees there's a new 3D World + Bowser's Fury trailer*

Oh yay~! üòä Can't wait to see how this Wii U port-- OH DAAAAAAAYUM üò≥ h‚Ä¶",Ontario Canada,"Ontario, Canada",50.000678,-86.000977,POINT (-86.00097700000001 50.000678)
24806,RT @NintendoAmerica: Bowser's Fury will be unleashed in a new #SuperMario3DWorld + #BowsersFury trailer tomorrow! Come back at 6am PT to se‚Ä¶,Canada,Canada,61.0666922,-107.9917071,POINT (-107.9917071 61.0666922)
12767,"RT @TristanACooper: Things that are cats in Bowser's Fury: trees, goombas, boomerang bros, bees, Spike, piranha plants, pigeons, Pom Pom, c‚Ä¶",United Kingdom,United Kingdom,54.7023545,-3.2765753,POINT (-3.2765753 54.7023545)
24557,RT @NintendoAmerica: Bowser's Fury will be unleashed in a new #SuperMario3DWorld + #BowsersFury trailer tomorrow! Come back at 6am PT to se‚Ä¶,"Texas, USA","Texas, United States",31.8160381,-99.5120986,POINT (-99.5120986 31.8160381)
4767,"RT @KetArtDragon: Bowser's Fury
Mario is a Furry https://t.co/UQ7bxTtUY7","Pennsylvania, USA","Pennsylvania, United States",40.9699889,-77.7278831,POINT (-77.7278831 40.9699889)
14931,can't wait for bowser's fury! https://t.co/HXNTpP5Pf9,Mushroom Kingdom,"Mushroom Kingdom, Park View, Crofton, Newsham, Blyth, Northumberland, North East England, England, NE24 3AX, United Kingdom",55.1239096,-1.5005726,POINT (-1.5005726 55.1239096)
12165,RT @NintendoUK: Something colossal is about to happen! Mario and Bowser Jr. team up for an all-new bonus adventure in #SuperMario3DWorld +‚Ä¶,"Maryland, USA","Maryland, United States",39.5162234,-76.9382069,POINT (-76.9382069 39.5162234)
13796,"RT @IGN: We finally have our first look at Bowser's Fury, the new expansion coming alongside the Nintendo Switch port of Super Mario 3D Wor‚Ä¶","Dundalk, MD","Dundalk, Baltimore County, Maryland, 21222:21224, United States",39.2574114,-76.5236745,POINT (-76.5236745 39.2574114)
7494,RT @AC_Roald: bowser‚Äôs fury looks absolutely wild https://t.co/xM71zSFz2n,pen island,"Pen Island, St. Tammany Parish, Louisiana, 70464, United States",30.54158,-89.841459,POINT (-89.841459 30.54158)
6554,Bruh that Bowser‚Äôs Fury trailer has me fucking SCREAMING. I don‚Äôt think Nintendo has ever done a more raw design than pitch black Bowser,Atlantis,"Atlantis, Palm Beach County, Florida, United States",26.5953847,-80.10351520586576,POINT (-80.10351520586576 26.5953847)
19648,RT @NintendoAmerica: Bowser's Fury will be unleashed in a new #SuperMario3DWorld + #BowsersFury trailer tomorrow! Come back at 6am PT to se‚Ä¶,"Stockholm, Sweden","Stockholm, Stockholms kommun, Stockholms l√§n, 111 29, Sverige",59.3251172,18.0710935,POINT (18.0710935 59.3251172)
3250,"RT @IGN: Bowser's Fury, the expansion that comes with Super Mario 3D World on Switch, looks genuinely insane. üòª https://t.co/DQUoi5MXm0 htt‚Ä¶",Web,"Web, Borena, ·ä¶·àÆ·àö·ã´ ·ä≠·àç·àç / Oromia, ·ä¢·âµ·ãÆ·åµ·ã´",4.4954427,38.6594263,POINT (38.6594263 4.4954427)
25664,RT @NintendoAmerica: Bowser's Fury will be unleashed in a new #SuperMario3DWorld + #BowsersFury trailer tomorrow! Come back at 6am PT to se‚Ä¶,"New Jersey, USA","New Jersey, United States",40.0757384,-74.4041622,POINT (-74.4041622 40.0757384)
25201,RT @NintendoAmerica: Bowser's Fury will be unleashed in a new #SuperMario3DWorld + #BowsersFury trailer tomorrow! Come back at 6am PT to se‚Ä¶,"Virginia, USA","Virginia, United States",37.1232245,-78.4927721,POINT (-78.4927721 37.1232245)
8054,"RT @MattMcMuscles: Hmm yes yes. I will be buying Bowser's Fury. BTW, In Nintendo's press release, this new form was dubbed ""God-Slayer Bows‚Ä¶",Chicago,"Chicago, Cook County, Illinois, United States",41.8755616,-87.6244212,POINT (-87.6244212 41.8755616)
6690,"To anyone whos seen the new trailer for Bowser‚Äôs Fury, whats your opinion on it?)",Amber‚Äôs house,"Amber‚Äôs House, Southwest 45th Street, Riceland, Alachua County, Florida, 32608, United States",29.6158954,-82.3915315,POINT (-82.3915315 29.6158954)
16936,Here's our best look yet at Super Mario 3D World + Bowser's Fury https://t.co/dYGZT9Y7CU,Norway,Norge,60.5000209,9.0999715,POINT (9.099971500000001 60.5000209)
13061,"RT @IGN: We finally have our first look at Bowser's Fury, the new expansion coming alongside the Nintendo Switch port of Super Mario 3D Wor‚Ä¶",Aylesbury,"Aylesbury, Buckinghamshire, South East, England, United Kingdom",51.8161412,-0.8130383,POINT (-0.8130383 51.8161412)
15127,RT @Nibellion: Official key art for Bowser's Fury https://t.co/FlyRwzo6xP,D(M)V,"ƒê∆∞·ªùng M, Trung t√¢m H√†nh ch√≠nh Dƒ© An, Ph∆∞·ªùng Dƒ© An, Th√†nh ph·ªë Dƒ© An, T·ªânh B√¨nh D∆∞∆°ng, 824791, Vi·ªát Nam",10.8916336,106.7666594,POINT (106.7666594 10.8916336)
7250,RT @Wario64: Super Mario 3D World + Bowser's Fury - Nintendo Switch trailer https://t.co/vkHXoNlryq https://t.co/wHDN1L1IZG,Los Santos,"Los Santos, Guijuelo, Castilla y Le√≥n, 37768, Espa√±a",40.5449825,-5.7972566,POINT (-5.7972566 40.5449825)
12163,RT @Nibellion: Official key art for Bowser's Fury https://t.co/FlyRwzo6xP,You 'kay?,"⁄©ÿß€å, ÿØŸáÿ≥ÿ™ÿßŸÜ ÿØÿ¥ÿ™, ÿ®ÿÆÿ¥ ÿ≥€åŸÑŸàÿßŸÜŸá, ÿ¥Ÿáÿ±ÿ≥ÿ™ÿßŸÜ ÿßÿ±ŸàŸÖ€åŸá, ÿßÿ≥ÿ™ÿßŸÜ ÿ¢ÿ∞ÿ±ÿ®ÿß€åÿ¨ÿßŸÜ ÿ∫ÿ±ÿ®€å, ÿß€åÿ±ÿßŸÜ",37.4533031,44.8080338,POINT (44.8080338 37.4533031)
17556,"Pintaza que tiene el ""Super Mario 3D World + Bowser's Fury"" üò±","Murcia, Espa√±a","Murcia, √Årea Metropolitana de Murcia, Regi√≥n de Murcia, Espa√±a",37.9923795,-1.1305431,POINT (-1.1305431 37.9923795)
17534,So....I still don‚Äôt know what exactly Bowser‚Äôs Fury is....but everything has cat ears so I‚ÄôM SOLD!!!,"Melbourne, Victoria","Melbourne, City of Melbourne, Victoria, 3000, Australia",-37.8142176,144.9631608,POINT (144.9631608 -37.8142176)
24657,RT @NinEverything: Super Mario 3D World + Bowser‚Äôs Fury trailer coming tomorrow https://t.co/pnqZZy2Sf0 https://t.co/2tX4lpbf1G,"Franquelin, Qu√©bec","Franquelin, Manicouagan, C√¥te-Nord, Qu√©bec, G0H 1E0, Canada",49.292889,-67.899628,POINT (-67.89962800000001 49.292889)
22282,RT @NintendoAmerica: Bowser's Fury will be unleashed in a new #SuperMario3DWorld + #BowsersFury trailer tomorrow! Come back at 6am PT to se‚Ä¶,Planeptune,"Planeptune Lane, Êñ∞ÂÆâ, Ê±üËãèÁúÅ, ‰∏≠ÂõΩ",34.4062424,118.3556274,POINT (118.3556274 34.4062424)
19216,New Super Mario 3D World + Bowser's Fury Trailer Arrives Today https://t.co/2nJx2WDSnT,Netherlands,Nederland,52.5001698,5.7480821,POINT (5.7480821 52.5001698)
6787,RT @Nibellion: Official key art for Bowser's Fury https://t.co/FlyRwzo6xP,"Redondo Beach, CA","Redondo Beach, Los Angeles County, California, 90278, United States",33.8455911,-118.3886766,POINT (-118.3886766 33.8455911)
15197,RT @NintendoAmerica: Bowser's Fury will be unleashed in a new #SuperMario3DWorld + #BowsersFury trailer tomorrow! Come back at 6am PT to se‚Ä¶,United States,United States,39.7837304,-100.4458825,POINT (-100.4458825 39.7837304)
20988,RT @NintendoAmerica: Bowser's Fury will be unleashed in a new #SuperMario3DWorld + #BowsersFury trailer tomorrow! Come back at 6am PT to se‚Ä¶,"Victoria, Australia","Victoria, Australia",-36.5986096,144.6780052,POINT (144.6780052 -36.5986096)
14097,"RT @MarioBrothBlog: As seen in the new trailer for Super Mario 3D World + Bowser's Fury, everything in the Bowser's Fury adventure is cat-t‚Ä¶",Bikini Bottom,"Bikini Bottom, 66/1, —É–ª–∏—Ü–∞ –ú–µ–ª–∏–∫-–ö–∞—Ä–∞–º–æ–≤–∞, –°—É—Ä–≥—É—Ç, –•–∞–Ω—Ç—ã-–ú–∞–Ω—Å–∏–π—Å–∫–∏–π –∞–≤—Ç–æ–Ω–æ–º–Ω—ã–π –æ–∫—Ä—É–≥ ‚Äî –Æ–≥—Ä–∞, –£—Ä–∞–ª—å—Å–∫–∏–π —Ñ–µ–¥–µ—Ä–∞–ª—å–Ω—ã–π –æ–∫—Ä—É–≥, 628402, –†–æ—Å—Å–∏—è",61.2347804,73.4389746,POINT (73.43897459999999 61.2347804)
16806,"RT @MarioBrothBlog: As seen in the new trailer for Super Mario 3D World + Bowser's Fury, everything in the Bowser's Fury adventure is cat-t‚Ä¶","Aberdeen, Scotland","Aberdeen City, Scotland, United Kingdom",57.1482429,-2.0928095,POINT (-2.0928095 57.1482429)
21026,A New Super Mario 3D World + Bowser's Fury Trailer Is Arriving Tomorrow https://t.co/2eud4eU3Eg,UK,United Kingdom,54.7023545,-3.2765753,POINT (-3.2765753 54.7023545)
12126,Bowser‚Äôs fury is looking good https://t.co/J2yihsJUyO,"Miami, FL","Miami, Miami-Dade County, Florida, United States",25.7741728,-80.19362,POINT (-80.19362 25.7741728)
13461,"RT @MarioBrothBlog: As seen in the new trailer for Super Mario 3D World + Bowser's Fury, everything in the Bowser's Fury adventure is cat-t‚Ä¶",The Care-mon Cave,"Plas Mona Care Home, Ffordd Penmynydd, Pentre Isaf, Llanfair Pwllgwyngyll, Llanfairpwllgwyngyll, Ynys M√¥n / Isle of Anglesey, Cymru / Wales, LL61 5EX, United Kingdom",53.2247849,-4.2048220848755555,POINT (-4.204822084875556 53.2247849)
24846,RT @NintendoAmerica: Bowser's Fury will be unleashed in a new #SuperMario3DWorld + #BowsersFury trailer tomorrow! Come back at 6am PT to se‚Ä¶,Ach-To,"Sr√≤n Ach' a'Bhacaidh, Highland, Scotland, IV24 3AS, United Kingdom",57.9533922,-4.3446961,POINT (-4.3446961 57.9533922)
18116,RT @NintendoUK: Something colossal is about to happen! Mario and Bowser Jr. team up for an all-new bonus adventure in #SuperMario3DWorld +‚Ä¶,"Florida, USA","Florida, United States",27.7567667,-81.4639835,POINT (-81.4639835 27.7567667)
9900,RT @Nibellion: Official key art for Bowser's Fury https://t.co/FlyRwzo6xP,Mississauga ON,"Mississauga, Peel Region, Golden Horseshoe, Ontario, Canada",43.5896231,-79.6443879,POINT (-79.6443879 43.5896231)
20101,RT @NintendoAmerica: Bowser's Fury will be unleashed in a new #SuperMario3DWorld + #BowsersFury trailer tomorrow! Come back at 6am PT to se‚Ä¶,"California, USA","California, United States",36.7014631,-118.755997,POINT (-118.755997 36.7014631)
24140,"@DashieXP @NintendoAmerica Dash, will you do another full gameplay of 3D world with Bowser's fury? I think it'll be so fun!!!","El Paso, TX","El Paso, El Paso County, Texas, United States",31.7754152,-106.464634,POINT (-106.464634 31.7754152)
23949,RT @NintendoAmerica: Bowser's Fury will be unleashed in a new #SuperMario3DWorld + #BowsersFury trailer tomorrow! Come back at 6am PT to se‚Ä¶,"Texas, USA","Texas, United States",31.8160381,-99.5120986,POINT (-99.5120986 31.8160381)
2366,Bowser's Fury looks awesome https://t.co/dl5JDYfQv0,"Florida, USA","Florida, United States",27.7567667,-81.4639835,POINT (-81.4639835 27.7567667)
9745,"RT @Mustard_Mustach: People: *joking about how Bowser's Fury is just going to add dumb features like Toadette and Nabbit*

Bowser's Fury: h‚Ä¶",My house,"my.house, Teluk Tering, Batam, Kepulauan Riau, 24961, Indonesia",1.1228470499999998,104.05631386819422,POINT (104.0563138681942 1.12284705)
6320,"RT @alex_moukala: Nintendo really gave some Bloodborne energy to their new Mario / Bowser's Fury game, huh? https://t.co/mh67Ez0LIh",Central California,"Central, Yolo County, California, United States",38.392688,-121.5730111,POINT (-121.5730111 38.392688)
3492,"RT @MattMcMuscles: Hmm yes yes. I will be buying Bowser's Fury. BTW, In Nintendo's press release, this new form was dubbed ""God-Slayer Bows‚Ä¶",Quadratum,"Quadratum Sancti Stephani, Citt√† del Vaticano",41.90171145,12.452427984080218,POINT (12.45242798408022 41.90171145)
6951,RT @AC_Roald: bowser‚Äôs fury looks absolutely wild https://t.co/xM71zSFz2n,Your Mom,"Your Mom, Summerlin South, Clark County, Nevada, United States",36.090794,-115.3511389,POINT (-115.3511389 36.090794)
8463,RT @Nibellion: Official key art for Bowser's Fury https://t.co/FlyRwzo6xP,NYC,"New York, United States",40.7127281,-74.0060152,POINT (-74.00601519999999 40.7127281)
22324,RT @NintendoAmerica: Bowser's Fury will be unleashed in a new #SuperMario3DWorld + #BowsersFury trailer tomorrow! Come back at 6am PT to se‚Ä¶,"Texas, USA","Texas, United States",31.8160381,-99.5120986,POINT (-99.5120986 31.8160381)
20121,@OnTheDownLoTho What if everyone is able to use it in the Bowser's fury and the final boss is Bowset...no i wont say it,France,France,46.603354,1.8883335,POINT (1.8883335 46.603354)
17789,Bowser's Fury represents everything @MattMLucas hates about 3D Mario and I love it,"New South Wales, Australia","New South Wales, Australia",-31.8759835,147.2869493,POINT (147.2869493 -31.8759835)
22967,RT @NintendoAmerica: Bowser's Fury will be unleashed in a new #SuperMario3DWorld + #BowsersFury trailer tomorrow! Come back at 6am PT to se‚Ä¶,Los Mochis Sinaloa M√©xico üá≤üáΩ,"Los Mochis, Ahome, Sinaloa, M√©xico",25.7928058,-108.990188,POINT (-108.990188 25.7928058)
3549,RT @Nibellion: Official key art for Bowser's Fury https://t.co/FlyRwzo6xP,Hell,"Hell, Putnam Township, Livingston County, Michigan, United States",42.4347571,-83.9849477,POINT (-83.98494770000001 42.4347571)
14767,RT @Nibellion: Official key art for Bowser's Fury https://t.co/FlyRwzo6xP,anomie,"„Çª„É¨„É¢„Éº„É´Âπ≥ÂÆâ„Åä„Åø, 7, Ë°åÁî∞Â∏Ç, ÂüºÁéâÁúå, 361-0021, Êó•Êú¨",36.1595187,139.4755611,POINT (139.4755611 36.1595187)
1642,RT @Mistah623: bowser‚Äôs furry                   bowser‚Äôs fury https://t.co/bgxRrPkVOD,"Los Angeles, USA","Los Angeles, Los Angeles County, California, United States",34.0536909,-118.242766,POINT (-118.242766 34.0536909)
23984,RT @NintendoAmerica: Bowser's Fury will be unleashed in a new #SuperMario3DWorld + #BowsersFury trailer tomorrow! Come back at 6am PT to se‚Ä¶,Mushroom Hill,"Mushroom Hill, Bromham, Oakley, Bedford, East of England, England, United Kingdom",52.1626557,-0.5277450817490493,POINT (-0.5277450817490493 52.1626557)
8265,"So apparently the Japanese press release of Bowser's Fury referred to this form of Bowser as ""God-Slayer Bowser"".‚Ä¶ https://t.co/5PRvY3q82M",United States,United States,39.7837304,-100.4458825,POINT (-100.4458825 39.7837304)
8820,"RT @beardfear: Absolutely livid that Nintendo isn't releasing Bowser's Fury as DLC for the Wii U. If this is how Nintendo treats its fans,‚Ä¶",Poggers,"Poggersdorf, Bezirk Klagenfurt-Land, K√§rnten, 9130, √ñsterreich",46.6509109,14.45082,POINT (14.45082 46.6509109)
6711,RT @Nibellion: Official key art for Bowser's Fury https://t.co/FlyRwzo6xP,Australia,Australia,-24.7761086,134.755,POINT (134.755 -24.7761086)
781,"RT @MattMcMuscles: Hmm yes yes. I will be buying Bowser's Fury. BTW, In Nintendo's press release, this new form was dubbed ""God-Slayer Bows‚Ä¶","Waco, Texas","Waco, McLennan County, Texas, United States",31.549333,-97.1466695,POINT (-97.1466695 31.549333)
19069,RT @NintendoAmerica: Bowser's Fury will be unleashed in a new #SuperMario3DWorld + #BowsersFury trailer tomorrow! Come back at 6am PT to se‚Ä¶,◊ô◊©◊®◊ê◊ú,◊ô◊©◊®◊ê◊ú,31.5313113,34.8667654,POINT (34.8667654 31.5313113)
2082,"BOWSER'S FURY LOOKS SO FUCKING GOOD DUDE OH MY GOD, LIKE THIS SHOT COULD PASS FOR A WHOLE NEW MARIO GAME IM SO EXCI‚Ä¶ https://t.co/KwovSiSD4l",she/they,"Tiger Tiger 1, Nguy·ªÖn Ph√∫c Chu, An H·ªôi, Minh An, Th√†nh ph·ªë H·ªôi An, T·ªânh Qu·∫£ng Nam, 0510, Vi·ªát Nam",15.8760809,108.3241257,POINT (108.3241257 15.8760809)
22960,RT @NintendoAmerica: Bowser's Fury will be unleashed in a new #SuperMario3DWorld + #BowsersFury trailer tomorrow! Come back at 6am PT to se‚Ä¶,"St. Louis, MO","St. Louis, City of Saint Louis, Madison County, Illinois, United States",38.6529545,-90.24111656024635,POINT (-90.24111656024635 38.6529545)
20242,RT @NintendoAmerica: Bowser's Fury will be unleashed in a new #SuperMario3DWorld + #BowsersFury trailer tomorrow! Come back at 6am PT to se‚Ä¶,Australia,Australia,-24.7761086,134.755,POINT (134.755 -24.7761086)
7539,"RT @MattMcMuscles: Hmm yes yes. I will be buying Bowser's Fury. BTW, In Nintendo's press release, this new form was dubbed ""God-Slayer Bows‚Ä¶","Raeford, NC","Raeford, Hoke County, North Carolina, United States",34.9809996,-79.2241998,POINT (-79.22419979999999 34.9809996)
17535,Interesting. So Bowser‚Äôs Fury is like a mini Odyssey world I guess,Australia,Australia,-24.7761086,134.755,POINT (134.755 -24.7761086)
3393,"RT @MarioBrothBlog: As seen in the new trailer for Super Mario 3D World + Bowser's Fury, everything in the Bowser's Fury adventure is cat-t‚Ä¶",parts unknown,"Parts Unknown, West San Francisco Street, Santa Fe, Santa Fe County, New Mexico, 87501, United States",35.6874992,-105.940059,POINT (-105.940059 35.6874992)
12732,"RT @MarioBrothBlog: As seen in the new trailer for Super Mario 3D World + Bowser's Fury, everything in the Bowser's Fury adventure is cat-t‚Ä¶",SW London,"Stockwell Bus Garage, Binfield Road, Stockwell, London Borough of Lambeth, London, Greater London, England, SW4 6ST, United Kingdom",51.4742479,-0.12433969968085111,POINT (-0.1243396996808511 51.4742479)
6966,"RT @tribdinosaur: This is what I gather from Bowser‚Äôs Fury so far! #SuperMario3DWorld üêà
I‚Äôm always down for Mario teaming up with unlikely‚Ä¶","Topeka, Kansas","Topeka, Shawnee County, Kansas, United States",39.049011,-95.677556,POINT (-95.677556 39.049011)
19941,RT @NintendoAmerica: Bowser's Fury will be unleashed in a new #SuperMario3DWorld + #BowsersFury trailer tomorrow! Come back at 6am PT to se‚Ä¶,"California, USA","California, United States",36.7014631,-118.755997,POINT (-118.755997 36.7014631)
10922,RT @Nibellion: Official key art for Bowser's Fury https://t.co/FlyRwzo6xP,"Geneva, IL","Gen√®ve, Schweiz/Suisse/Svizzera/Svizra",46.2017559,6.1466014,POINT (6.1466014 46.2017559)
7164,"RT @beardfear: Absolutely livid that Nintendo isn't releasing Bowser's Fury as DLC for the Wii U. If this is how Nintendo treats its fans,‚Ä¶",Neo Arcadia,"Arcadia Park, Carlsbad, Eddy County, New Mexico, United States",32.4113056,-104.24313675718054,POINT (-104.2431367571805 32.4113056)
22933,RT @NintendoAmerica: Bowser's Fury will be unleashed in a new #SuperMario3DWorld + #BowsersFury trailer tomorrow! Come back at 6am PT to se‚Ä¶,"Chicago, IL","Chicago, Cook County, Illinois, United States",41.8755616,-87.6244212,POINT (-87.6244212 41.8755616)
21038,RT @NintendoAmerica: Bowser's Fury will be unleashed in a new #SuperMario3DWorld + #BowsersFury trailer tomorrow! Come back at 6am PT to se‚Ä¶,124 screw lane,"Screw, Oliveira, Cachoeira do Sul, Regi√£o Geogr√°fica Imediata de Cachoeira do Sul, Regi√£o Geogr√°fica Intermedi√°ria de Santa Maria, Rio Grande do Sul, Regi√£o Sul, Brasil",-30.0147074,-52.90920006065073,POINT (-52.90920006065073 -30.0147074)
25218,RT @NintendoAmerica: Bowser's Fury will be unleashed in a new #SuperMario3DWorld + #BowsersFury trailer tomorrow! Come back at 6am PT to se‚Ä¶,"Missouri, United States ","Missouri, United States",38.7604815,-92.5617875,POINT (-92.56178749999999 38.7604815)
22135,@_MissClick_ I have no idea what Bowser's Fury or why he's mad but this sounds Awesome!,"Tennessee, USA","Tennessee, United States",35.7730076,-86.2820081,POINT (-86.2820081 35.7730076)
14677,"Since the trailer for Super Mario 3D World+Bowser's Fury just dropped. 

While browsing through your tl, take a sho‚Ä¶ https://t.co/lHzexsacCP",United States,United States,39.7837304,-100.4458825,POINT (-100.4458825 39.7837304)
12916,"RT @TristanACooper: Things that are cats in Bowser's Fury: trees, goombas, boomerang bros, bees, Spike, piranha plants, pigeons, Pom Pom, c‚Ä¶","Chicago, IL","Chicago, Cook County, Illinois, United States",41.8755616,-87.6244212,POINT (-87.6244212 41.8755616)
21396,RT @NintendoAmerica: Bowser's Fury will be unleashed in a new #SuperMario3DWorld + #BowsersFury trailer tomorrow! Come back at 6am PT to se‚Ä¶,"Fenton, MI","Fenton, Saint Louis County, Missouri, 63029, United States",38.5131989,-90.4400578,POINT (-90.44005780000001 38.5131989)
12270,Bowser's Fury in a nutshell. https://t.co/6yZHGxUFIb,Meme Hill Zone,"Zone industrielle de la Seiglerie, Le Petit Bois, Machecoul, Machecoul-Saint-M√™me, Nantes, Loire-Atlantique, Pays de la Loire, France m√©tropolitaine, 44270, France",46.98081695,-1.8056517910654961,POINT (-1.805651791065496 46.98081695)
2265,RT @Shybaka289: After seeing the Bowser's Fury trailer I realize Bowser has a legit Pokemon evolution. https://t.co/xtn1iYERyJ,Ireland,√âire / Ireland,52.865196,-7.9794599,POINT (-7.9794599 52.865196)
1236,"RT @Nirbion: Not sure if anyone already posted it, because I only the the cropped version from the trailer, but:

Full-sized Bowser's Fury‚Ä¶",France ,France,46.603354,1.8883335,POINT (1.8883335 46.603354)
13122,"RT @IGN: We finally have our first look at Bowser's Fury, the new expansion coming alongside the Nintendo Switch port of Super Mario 3D Wor‚Ä¶","Kingsport, TN","Kingsport, Sullivan County, Tennessee, United States",36.550238,-82.5594293,POINT (-82.55942930000001 36.550238)
21193,RT @NintendoAmerica: Bowser's Fury will be unleashed in a new #SuperMario3DWorld + #BowsersFury trailer tomorrow! Come back at 6am PT to se‚Ä¶,"Philadelphia, PA","Philadelphia, Philadelphia County, Pennsylvania, United States",39.9527237,-75.1635262,POINT (-75.16352620000001 39.9527237)
11228,Super Mario 3D World + Bowser‚Äôs Fury ‚Äì Official Trailer 2 https://t.co/XkT7wQTVZg https://t.co/RmwKqS3A2Q,"Canada, Ottawa","Ottawa, (Old) Ottawa, Ottawa, Eastern Ontario, Ontario, K1P 1J1, Canada",45.421106,-75.690308,POINT (-75.690308 45.421106)
14667,"RT @IGN: We finally have our first look at Bowser's Fury, the new expansion coming alongside the Nintendo Switch port of Super Mario 3D Wor‚Ä¶",hell,"Hell, Putnam Township, Livingston County, Michigan, United States",42.4347571,-83.9849477,POINT (-83.98494770000001 42.4347571)
7241,"RT @KetArtDragon: Bowser's Fury
Mario is a Furry https://t.co/UQ7bxTtUY7",üí´Dreamlandüí´,"Dreamland Margate, Marine Terrace, Westbrook, Margate, Kent, South East, England, CT9 1XJ, United Kingdom",51.38508435,1.3779821409249524,POINT (1.377982140924952 51.38508435)
5064,"RT @TristanACooper: Things that are cats in Bowser's Fury: trees, goombas, boomerang bros, bees, Spike, piranha plants, pigeons, Pom Pom, c‚Ä¶",Finland,Suomi,63.2467777,25.9209164,POINT (25.9209164 63.2467777)
23534,RT @NintendoAmerica: Bowser's Fury will be unleashed in a new #SuperMario3DWorld + #BowsersFury trailer tomorrow! Come back at 6am PT to se‚Ä¶,"Las Palmas de Gran Canaria, Es","Las Palmas de Gran Canaria, Las Palmas, Canarias, Espa√±a",28.128874,-15.4349448,POINT (-15.4349448 28.128874)
15271,"RT @Mustard_Mustach: People: *joking about how Bowser's Fury is just going to add dumb features like Toadette and Nabbit*

Bowser's Fury: h‚Ä¶",Macei√≥ - Alagoas,"Macei√≥, Regi√£o Geogr√°fica Imediata de Macei√≥, Regi√£o Geogr√°fica Intermedi√°ria de Macei√≥, Alagoas, Regi√£o Nordeste, Brasil",-9.6476843,-35.7339264,POINT (-35.7339264 -9.6476843)
8680,"Nintendo really gave some Bloodborne energy to their new Mario / Bowser's Fury game, huh? https://t.co/mh67Ez0LIh","Prague, Czech Republic","Hlavn√≠ mƒõsto Praha, Praha, ƒåesko",50.0874654,14.4212535,POINT (14.4212535 50.0874654)
19143,RT @Dylanirus: I wonder if that unused sixth character will appear in Bowser's Fury. https://t.co/JY8Q0k6JN2,An Ocean Reef,"Ocean Reef, City Of Joondalup, Western Australia, Australia",-31.7569941,115.7380757,POINT (115.7380757 -31.7569941)
8668,"RT @MattMcMuscles: Hmm yes yes. I will be buying Bowser's Fury. BTW, In Nintendo's press release, this new form was dubbed ""God-Slayer Bows‚Ä¶",your mom,"Your Mom, Summerlin South, Clark County, Nevada, United States",36.090794,-115.3511389,POINT (-115.3511389 36.090794)
6916,RT @_kairy_draws_: Furries seeing Bowser with pecs and a belly in Bowser‚Äôs Fury https://t.co/HW4RmP92sN,"Beach Park, IL","Beach Park, Lake County, Illinois, United States",42.4222435,-87.8572955,POINT (-87.85729550000001 42.4222435)
6315,RT @Nibellion: Official key art for Bowser's Fury https://t.co/FlyRwzo6xP,"Colorado, USA","Colorado, United States",38.7251776,-105.607716,POINT (-105.607716 38.7251776)
9742,RT @NintendoEurope: Something colossal is about to happen! Mario and Bowser Jr. team up for an all-new bonus adventure in #SuperMario3DWorl‚Ä¶,"Bologna, Italia","Bologna, Emilia-Romagna, Italia",44.4937577,11.3430308,POINT (11.3430308 44.4937577)
17333,RT @Somecallmejon: Just gonna catch the Bowser's Fury trailer real quick andOHMYGOD-- https://t.co/ry0INDajht,The Netherlands,Nederland,52.5001698,5.7480821,POINT (5.7480821 52.5001698)
9574,"RT @MattMcMuscles: Hmm yes yes. I will be buying Bowser's Fury. BTW, In Nintendo's press release, this new form was dubbed ""God-Slayer Bows‚Ä¶",United Kingdom,United Kingdom,54.7023545,-3.2765753,POINT (-3.2765753 54.7023545)
1259,"RT @tribdinosaur: This is what I gather from Bowser‚Äôs Fury so far! #SuperMario3DWorld üêà
I‚Äôm always down for Mario teaming up with unlikely‚Ä¶","Cedar Lake, IN","Cedar Lake, Pritchardville, Town of Bluffton, Beaufort County, South Carolina, United States",32.2411577,-80.9705995,POINT (-80.97059950000001 32.2411577)
25216,RT @NintendoAmerica: Bowser's Fury will be unleashed in a new #SuperMario3DWorld + #BowsersFury trailer tomorrow! Come back at 6am PT to se‚Ä¶,"Long Beach, CA","Long Beach, Los Angeles County, California, United States",33.7690164,-118.191604,POINT (-118.191604 33.7690164)
21350,RT @NintendoAmerica: Bowser's Fury will be unleashed in a new #SuperMario3DWorld + #BowsersFury trailer tomorrow! Come back at 6am PT to se‚Ä¶,The Gourd,"Gourd, Lincoln County, Arkansas, United States",33.8437151,-91.5967928,POINT (-91.5967928 33.8437151)
13240,RT @GoNintendoTweet: Super Mario 3D World + Bowser's Fury now available for pre-order on Amazon https://t.co/k3yxN4IDKn https://t.co/oXYPBQ‚Ä¶,North America ET Zone,"North America, Newport, East Riding of Yorkshire, Yorkshire and the Humber, England, HU15 2RX, United Kingdom",53.7769201,-0.714434,POINT (-0.714434 53.7769201)
10096,RT @Nibellion: Official key art for Bowser's Fury https://t.co/FlyRwzo6xP,Choso,"Choso Falls, Mpika District, Muchinga Province, Zambia",-12.4509804,31.2950948,POINT (31.2950948 -12.4509804)
2178,"RT @KetArtDragon: Bowser's Fury
Mario is a Furry https://t.co/UQ7bxTtUY7","Liberty City, NY","Liberty, Town of Liberty, Sullivan County, New York, 12754, United States",41.8012002,-74.7465527,POINT (-74.7465527 41.8012002)
3270,RT @jingojangojoing: Mario 3D World + Bowser‚Äôs Fury looks cool but does it have Luigi Bros from the Wii U game https://t.co/u6GPsI8hP4,"Detroit, MI","Detroit, Wayne County, Michigan, United States",42.3315509,-83.0466403,POINT (-83.04664030000001 42.3315509)
21375,RT @NintendoAmerica: Bowser's Fury will be unleashed in a new #SuperMario3DWorld + #BowsersFury trailer tomorrow! Come back at 6am PT to se‚Ä¶,"Hawthorne, CA","Hawthorne, Los Angeles County, California, United States",33.9188589,-118.3483256,POINT (-118.3483256 33.9188589)
275,"RT @MattMcMuscles: Hmm yes yes. I will be buying Bowser's Fury. BTW, In Nintendo's press release, this new form was dubbed ""God-Slayer Bows‚Ä¶",Nowhere in particular,"Nowhere In Particular Brewing, 4716, Wilmington Pike, Oakdale, Kettering, Montgomery County, Ohio, 45440, United States",39.6747371,-84.115727,POINT (-84.11572700000001 39.6747371)
5403,RT @AC_Roald: bowser‚Äôs fury looks absolutely wild https://t.co/xM71zSFz2n,The Middle of Nowhere,"Middle of Nowhere, Military Road, Atherfield Green, Shorwell, Isle of Wight, South East, England, PO38 2LN, United Kingdom",50.6100076,-1.3494857,POINT (-1.3494857 50.6100076)
10006,RT @Plun_Yu: super saiyan mario is in bowser‚Äôs fury  holy shit https://t.co/hvD1Lk86Fg,"Brooklyn, NY","Brooklyn, Kings County, New York, United States",40.6501038,-73.9495823,POINT (-73.9495823 40.6501038)
2887,RT @RANK10YGO: Watching the Bowser's Fury trailer expecting some small extra content for 3D World and then actually seeing it https://t.co/‚Ä¶,"Los Angeles, USA","Los Angeles, Los Angeles County, California, United States",34.0536909,-118.242766,POINT (-118.242766 34.0536909)
20765,RT @NintendoAmerica: Bowser's Fury will be unleashed in a new #SuperMario3DWorld + #BowsersFury trailer tomorrow! Come back at 6am PT to se‚Ä¶,Salisbury North Carolina,"Salisbury, Rowan County, North Carolina, United States",35.6709727,-80.4742261,POINT (-80.4742261 35.6709727)
11409,RT @NintendoUK: Something colossal is about to happen! Mario and Bowser Jr. team up for an all-new bonus adventure in #SuperMario3DWorld +‚Ä¶,"Houston, TX","Houston, Harris County, Texas, United States",29.7589382,-95.3676974,POINT (-95.3676974 29.7589382)
2104,RT @Nibellion: Official key art for Bowser's Fury https://t.co/FlyRwzo6xP,"California, USA","California, United States",36.7014631,-118.755997,POINT (-118.755997 36.7014631)
11692,"Une switch, des amiibo et une date pour Super Mario 3D World + Bowser's Fury
https://t.co/UakJk0szT2‚Ä¶ https://t.co/IzrMfyiAx1","Rouen, France","Rouen, Seine-Maritime, Normandie, France m√©tropolitaine, France",49.4404591,1.0939658,POINT (1.0939658 49.4404591)
16350,RT @Wario64: Super Mario 3D World + Bowser's Fury - Nintendo Switch trailer https://t.co/vkHXoNlryq https://t.co/wHDN1L1IZG,"Little Rock, AR","Little Rock, Pulaski County, Arkansas, United States",34.7464809,-92.2895948,POINT (-92.2895948 34.7464809)
25028,RT @NintendoAmerica: Bowser's Fury will be unleashed in a new #SuperMario3DWorld + #BowsersFury trailer tomorrow! Come back at 6am PT to se‚Ä¶,"Brooklyn, NY","Brooklyn, Kings County, New York, United States",40.6501038,-73.9495823,POINT (-73.9495823 40.6501038)
6145,"RT @KetArtDragon: Bowser's Fury
Mario is a Furry https://t.co/UQ7bxTtUY7","Twin Cities, Minnesota","The University of Minnesota, Twin Cities Campus, Southeast 26th Avenue, Prospect Park - East River Road, Minneapolis, Hennepin County, Minnesota, 55414, United States",44.9863392,-93.17945580218503,POINT (-93.17945580218503 44.9863392)
12366,"RT @MattMcMuscles: Hmm yes yes. I will be buying Bowser's Fury. BTW, In Nintendo's press release, this new form was dubbed ""God-Slayer Bows‚Ä¶","West Town, Chicago","West Town, Chicago, Cook County, Illinois, United States",41.9014213,-87.6861661,POINT (-87.68616609999999 41.9014213)
16860,RT @Somecallmejon: Just gonna catch the Bowser's Fury trailer real quick andOHMYGOD-- https://t.co/ry0INDajht,Hell,"Hell, Putnam Township, Livingston County, Michigan, United States",42.4347571,-83.9849477,POINT (-83.98494770000001 42.4347571)
4557,RT @Nibellion: Official key art for Bowser's Fury https://t.co/FlyRwzo6xP,Deutschland,Deutschland,51.0834196,10.4234469,POINT (10.4234469 51.0834196)
20866,RT @NintendoAmerica: Bowser's Fury will be unleashed in a new #SuperMario3DWorld + #BowsersFury trailer tomorrow! Come back at 6am PT to se‚Ä¶,38401,"Nebahovy, okres Prachatice, Jihoƒçesk√Ω kraj, Jihoz√°pad, 38401, ƒåesko",49.0061696181818,14.05479229545455,POINT (14.05479229545455 49.0061696181818)
24169,RT @NintendoAmerica: Bowser's Fury will be unleashed in a new #SuperMario3DWorld + #BowsersFury trailer tomorrow! Come back at 6am PT to se‚Ä¶,Michigan,"Michigan, United States",43.6211955,-84.6824346,POINT (-84.68243459999999 43.6211955)
16850,RT @NintendoEurope: Something colossal is about to happen! Mario and Bowser Jr. team up for an all-new bonus adventure in #SuperMario3DWorl‚Ä¶,England,"England, United Kingdom",52.5310214,-1.2649062,POINT (-1.2649062 52.5310214)
9816,"Bowser's Fury looks like the Mario Kaiju game that I never knew that I needed, but that I really, really need. Can'‚Ä¶ https://t.co/1kp2sp3sbm",Thunder Bay,"Thunder Bay, Thunder Bay District, Northwestern Ontario, Ontario, Canada",48.406414,-89.259796,POINT (-89.25979599999999 48.406414)
4219,@Kevin___W saw the new bowser's fury trailer I feel mixed as it looks fun and doing what I loved about Odyssey but‚Ä¶ https://t.co/0QgOc9kyha,"Oklahoma,usa","Oklahoma, United States",34.9550817,-97.2684063,POINT (-97.2684063 34.9550817)
18200,RT @NintendoAmerica: Bowser's Fury will be unleashed in a new #SuperMario3DWorld + #BowsersFury trailer tomorrow! Come back at 6am PT to se‚Ä¶,bi,Belgi√´ / Belgique / Belgien,50.6402809,4.6667145,POINT (4.6667145 50.6402809)
934,Bowser's Fury looks good and all but I'm still iffy on getting it because   we have we to see that special Nintendo‚Ä¶ https://t.co/MChee1qO6t,"New York, USA","New York, United States",40.7127281,-74.0060152,POINT (-74.00601519999999 40.7127281)
6726,"RT @IGN: We finally have our first look at Bowser's Fury, the new expansion coming alongside the Nintendo Switch port of Super Mario 3D Wor‚Ä¶","Florida, USA","Florida, United States",27.7567667,-81.4639835,POINT (-81.4639835 27.7567667)
16805,"RT @MarioBrothBlog: As seen in the new trailer for Super Mario 3D World + Bowser's Fury, everything in the Bowser's Fury adventure is cat-t‚Ä¶","L√ºbeck, Deutschland","L√ºbeck, Markt, Innenstadt, L√ºbeck, Schleswig-Holstein, 23552, Deutschland",53.866444,10.684738,POINT (10.684738 53.866444)
15280,"RT @Mustard_Mustach: People: *joking about how Bowser's Fury is just going to add dumb features like Toadette and Nabbit*

Bowser's Fury: h‚Ä¶","Burleson, TX","Burleson County, Texas, United States",30.4764878,-96.6353488,POINT (-96.6353488 30.4764878)
2582,@swxggyt The Bowser‚Äôs Fury stuff?,Appleton,"Appleton, Outagamie County, Wisconsin, United States",44.2611337,-88.4067604,POINT (-88.4067604 44.2611337)
16730,RT @Stealth40k: Bowser's Fury has you team up with Bowser Jr. in a Mario Odyssey style giant open world level to defeat Fury Bowser. https:‚Ä¶,"Las Vegas, NV","Las Vegas, Clark County, Nevada, United States",36.1672559,-115.1485163,POINT (-115.1485163 36.1672559)
4840,My apologies On the bowser‚Äôs fury retweets I just can‚Äôt help myself on them lol,United States,United States,39.7837304,-100.4458825,POINT (-100.4458825 39.7837304)
24104,RT @NintendoAmerica: Bowser's Fury will be unleashed in a new #SuperMario3DWorld + #BowsersFury trailer tomorrow! Come back at 6am PT to se‚Ä¶,CDMX,"Ciudad de M√©xico, M√©xico",19.4326296,-99.1331785,POINT (-99.1331785 19.4326296)
12275,RT @NintendoUK: Something colossal is about to happen! Mario and Bowser Jr. team up for an all-new bonus adventure in #SuperMario3DWorld +‚Ä¶,Dream üá¨üáßüá≠üá∞,"The Dream, Northeast Holladay Street, Lloyd District, Portland, Metro, Multnomah County, Oregon, 97240, United States",45.5298766,-122.6619189,POINT (-122.6619189 45.5298766)
5228,"RT @MarioBrothBlog: As seen in the new trailer for Super Mario 3D World + Bowser's Fury, everything in the Bowser's Fury adventure is cat-t‚Ä¶","Virginia, USA","Virginia, United States",37.1232245,-78.4927721,POINT (-78.4927721 37.1232245)
22740,RT @NintendoAmerica: Bowser's Fury will be unleashed in a new #SuperMario3DWorld + #BowsersFury trailer tomorrow! Come back at 6am PT to se‚Ä¶,USA üá∫üá∏,United States,39.7837304,-100.4458825,POINT (-100.4458825 39.7837304)
4644,RT @Nibellion: Official key art for Bowser's Fury https://t.co/FlyRwzo6xP,Flexas,"Flexas, Sim√£o Dias, Regi√£o Geogr√°fica Imediata de Lagarto, Regi√£o Geogr√°fica Intermedi√°ria de Itabaiana, Sergipe, Regi√£o Nordeste, Brasil",-10.7877822,-37.7272664,POINT (-37.7272664 -10.7877822)
21028,RT @NintendoAmerica: Bowser's Fury will be unleashed in a new #SuperMario3DWorld + #BowsersFury trailer tomorrow! Come back at 6am PT to se‚Ä¶,South-ish,"H√®ches, Bagn√®res-de-Bigorre, Hautes-Pyr√©n√©es, Occitanie, France m√©tropolitaine, 65250, France",43.0174862,0.3737441,POINT (0.3737441 43.0174862)
12046,"RT @MarioBrothBlog: As seen in the new trailer for Super Mario 3D World + Bowser's Fury, everything in the Bowser's Fury adventure is cat-t‚Ä¶","Qu√©bec, Canada","Qu√©bec, Canada",52.4760892,-71.8258668,POINT (-71.8258668 52.4760892)
23375,RT @NintendoAmerica: Bowser's Fury will be unleashed in a new #SuperMario3DWorld + #BowsersFury trailer tomorrow! Come back at 6am PT to se‚Ä¶,NY,"New York, United States",43.1561681,-75.8449946,POINT (-75.84499460000001 43.1561681)
6335,"RT @IGN: We finally have our first look at Bowser's Fury, the new expansion coming alongside the Nintendo Switch port of Super Mario 3D Wor‚Ä¶","Arizona, USA","Arizona, United States",34.395342,-111.763275,POINT (-111.763275 34.395342)
6023,"RT @tribdinosaur: This is what I gather from Bowser‚Äôs Fury so far! #SuperMario3DWorld üêà
I‚Äôm always down for Mario teaming up with unlikely‚Ä¶",Somewhere,"Somewhere, Ë¥æÊ±™Âå∫, Ë¥æÊ±™Âå∫ (Jiawang), Ê±üËãèÁúÅ, ‰∏≠ÂõΩ",34.4420602,117.5295201,POINT (117.5295201 34.4420602)
3247,RT @Nibellion: Official key art for Bowser's Fury https://t.co/FlyRwzo6xP,I believe in you.,"I Believe, 69b, Rossevaalstraat, Zuiderstraat, Lebbeke, Dendermonde, Oost-Vlaanderen, Vlaanderen, 9280, Belgi√´ / Belgique / Belgien",51.0013875,4.1405585,POINT (4.1405585 51.0013875)
21838,RT @NintendoAmerica: Bowser's Fury will be unleashed in a new #SuperMario3DWorld + #BowsersFury trailer tomorrow! Come back at 6am PT to se‚Ä¶,Israel,◊ô◊©◊®◊ê◊ú,31.5313113,34.8667654,POINT (34.8667654 31.5313113)
22324,RT @NintendoAmerica: Bowser's Fury will be unleashed in a new #SuperMario3DWorld + #BowsersFury trailer tomorrow! Come back at 6am PT to se‚Ä¶,"Texas, USA","Texas, United States",31.8160381,-99.5120986,POINT (-99.5120986 31.8160381)
1855,"RT @Cam2kI: ‚ÄúSuper Lion Mario‚Äú
So a trailer just dropped in. It's about a 3d Mario World, Bowser's Fury and stuff. And it was great.
Then I‚Ä¶",Bronx NY,"The Bronx, Bronx County, New York, United States",40.8466508,-73.8785937,POINT (-73.8785937 40.8466508)
8290,"RT @KetArtDragon: Bowser's Fury
Mario is a Furry https://t.co/UQ7bxTtUY7",United States,United States,39.7837304,-100.4458825,POINT (-100.4458825 39.7837304)
3611,RT @Nibellion: Official key art for Bowser's Fury https://t.co/FlyRwzo6xP,MILF plaza,"MILF, Œ§Œ±œÉœÉŒøœÄŒøœçŒªŒøœÖ, ŒùŒ≠Œ± ŒñœâŒÆ, ŒëŒ≥ŒØŒ± Œ†Œ±œÅŒ±œÉŒ∫ŒµœÖŒÆ, ŒîŒÆŒºŒøœÇ ŒëŒ≥ŒØŒ±œÇ Œ†Œ±œÅŒ±œÉŒ∫ŒµœÖŒÆœÇ, Œ†ŒµœÅŒπœÜŒµœÅŒµŒπŒ±Œ∫ŒÆ ŒïŒΩœåœÑŒ∑œÑŒ± ŒíŒøœÅŒµŒØŒøœÖ Œ§ŒøŒºŒ≠Œ± ŒëŒ∏Œ∑ŒΩœéŒΩ, Œ†ŒµœÅŒπœÜŒ≠œÅŒµŒπŒ± ŒëœÑœÑŒπŒ∫ŒÆœÇ, ŒëœÄŒøŒ∫ŒµŒΩœÑœÅœâŒºŒ≠ŒΩŒ∑ ŒîŒπŒøŒØŒ∫Œ∑œÉŒ∑ ŒëœÑœÑŒπŒ∫ŒÆœÇ, 153 42, ŒïŒªŒªŒ¨œÇ",38.00574325,23.82789215155219,POINT (23.82789215155219 38.00574325)
22250,RT @NintendoAmerica: Bowser's Fury will be unleashed in a new #SuperMario3DWorld + #BowsersFury trailer tomorrow! Come back at 6am PT to se‚Ä¶,Malaysia,Malaysia,4.5693754,102.2656823,POINT (102.2656823 4.5693754)
16952,RT @gematsucom: Super Mario 3D World + Bowser‚Äôs Fury ‚ÄòA Bigger Badder Bowser‚Äô trailer; Switch ‚ÄòMario Red &amp; Blue Edition‚Äô¬†announced https://‚Ä¶,The Hub City Tx,"HUB City, 51st Street, Lubbock, Lubbock County, Texas, 79414, United States",33.54819585,-101.908888575,POINT (-101.908888575 33.54819585)
6009,RT @Nibellion: Official key art for Bowser's Fury https://t.co/FlyRwzo6xP,He/They,"They, Saint-Paul-en-Jarez, Saint-√âtienne, Loire, Auvergne-Rh√¥ne-Alpes, France m√©tropolitaine, 42740, France",45.4500658,4.6051325,POINT (4.6051325 45.4500658)
9692,RT @dariosamo: Is it me or does Bowser's Fury look more like something that would've been an Odyssey expansion rather than 3D World?,Texas,"Texas, United States",31.8160381,-99.5120986,POINT (-99.5120986 31.8160381)
16869,RT @NintendoUK: Something colossal is about to happen! Mario and Bowser Jr. team up for an all-new bonus adventure in #SuperMario3DWorld +‚Ä¶,Virginia,"Virginia, United States",37.1232245,-78.4927721,POINT (-78.4927721 37.1232245)
504,RT @Nibellion: Official key art for Bowser's Fury https://t.co/FlyRwzo6xP,"Kissimmee, FL","Kissimmee, Osceola County, Florida, United States",28.2918995,-81.4075838,POINT (-81.4075838 28.2918995)
6442,RT @Stealth40k: Bowser's Fury has you team up with Bowser Jr. in a Mario Odyssey style giant open world level to defeat Fury Bowser. https:‚Ä¶,"England, United Kingdom","England, United Kingdom",52.5310214,-1.2649062,POINT (-1.2649062 52.5310214)
5225,ngl bowser‚Äôs fury looks... actually really really good? like i did not care for the original 3D world honestly but‚Ä¶ https://t.co/mCFjXCcPzA,17/‚ôÇ/LDS,"‰ºäÊò•ÊûóÈÉΩÊú∫Âú∫, S303, ‰ºäÊûóÁªèËê•ÊâÄ, ‰ºäÁæéÂå∫, ‰ºäÊò•Â∏Ç, ÈªëÈæôÊ±üÁúÅ, 153000, ‰∏≠ÂõΩ",47.7517627,129.0205478038862,POINT (129.0205478038862 47.7517627)
24185,RT @NintendoAmerica: Bowser's Fury will be unleashed in a new #SuperMario3DWorld + #BowsersFury trailer tomorrow! Come back at 6am PT to se‚Ä¶,Knowhere ,"Knowhere, King County, Washington, United States",47.6949797,-121.8384137,POINT (-121.8384137 47.6949797)
18466,RT @NintendoAmerica: Bowser's Fury will be unleashed in a new #SuperMario3DWorld + #BowsersFury trailer tomorrow! Come back at 6am PT to se‚Ä¶,üáÆüáπ Italy üáÆüáπ,Italia,42.6384261,12.674297,POINT (12.674297 42.6384261)
3836,RT @ImagesEv: Bowser's Fury https://t.co/8NNijprZeT,void,"Le Void, Gerb√©pal, Saint-Di√©-des-Vosges, Vosges, Grand Est, France m√©tropolitaine, 88430, France",48.1393032,6.9233059,POINT (6.9233059 48.1393032)
19148,RT @NintendoAmerica: Bowser's Fury will be unleashed in a new #SuperMario3DWorld + #BowsersFury trailer tomorrow! Come back at 6am PT to se‚Ä¶,ZAMORA,"Zamora, Castilla y Le√≥n, Espa√±a",41.6857693,-5.942315018340977,POINT (-5.942315018340977 41.6857693)
5551,"RT @aitaikimochi: This new Bowser's Fury art is legit, but I can't get over Mario becoming Super Saiyan while wearing a cat suit??? https:/‚Ä¶",slump,"The Slump, Inaccessible Island, Tristan da Cunha, Saint Helena, Ascension and Tristan da Cunha",-37.2953865,-12.6900759,POINT (-12.6900759 -37.2953865)
14084,RT @Nibellion: Official key art for Bowser's Fury https://t.co/FlyRwzo6xP,Earth Land,"Middle Earth, Saint Mary's County, Maryland, 20619, United States",38.3242916,-76.5168989,POINT (-76.5168989 38.3242916)
5322,RT @AC_Roald: bowser‚Äôs fury looks absolutely wild https://t.co/xM71zSFz2n,"Los Angeles, CA","Los Angeles, Los Angeles County, California, United States",34.0536909,-118.242766,POINT (-118.242766 34.0536909)
11904,"RT @MattMcMuscles: Hmm yes yes. I will be buying Bowser's Fury. BTW, In Nintendo's press release, this new form was dubbed ""God-Slayer Bows‚Ä¶","Texas, USA","Texas, United States",31.8160381,-99.5120986,POINT (-99.5120986 31.8160381)
12840,RT @Mechazawa: Bowser's Fury https://t.co/GUqNBjbSpm,Poland,Polska,52.215933,19.134422,POINT (19.134422 52.215933)
291,"RT @NinWire: With Super Mario 3D World + Bowser's Fury on its way, details concerning the second Super Mario Bros. 35th Anniversary collect‚Ä¶","St Petersburg, FL","St. Petersburg, Pinellas County, Florida, United States",27.7703796,-82.6695085,POINT (-82.66950850000001 27.7703796)
6754,Seeing everyone from before the bowser‚Äôs fury trailer expecting daisy is honestly hilarious,The banana factory,"Banana Factory, 25, West 3rd Street, Bethlehem, Northampton County, Pennsylvania, 18015, United States",40.6124786,-75.37965243446706,POINT (-75.37965243446706 40.6124786)
19950,"Tbh I'm not sure if I'm gonna wake up early to catch that Bowser's Fury trailer. Six AM, a bit early.
Part of me wa‚Ä¶ https://t.co/jdTTXZ7kng",A place somewhere,"Somewhere, Ë¥æÊ±™Âå∫, Ë¥æÊ±™Âå∫ (Jiawang), Ê±üËãèÁúÅ, ‰∏≠ÂõΩ",34.4420602,117.5295201,POINT (117.5295201 34.4420602)
6355,@RotesSchaf_ It really fricking does man. I am actually hyped for Bowser's fury,"Madrid, Spain","Madrid, √Årea metropolitana de Madrid y Corredor del Henares, Comunidad de Madrid, 28001, Espa√±a",40.4167047,-3.7035825,POINT (-3.7035825 40.4167047)
5365,Bowser's Fury kinda looks boring,(He/They),"They, Saint-Paul-en-Jarez, Saint-√âtienne, Loire, Auvergne-Rh√¥ne-Alpes, France m√©tropolitaine, 42740, France",45.4500658,4.6051325,POINT (4.6051325 45.4500658)
17724,@NintendoAmerica I still have no idea what bowser's fury is lol,VA,Vi·ªát Nam,13.2904027,108.4265113,POINT (108.4265113 13.2904027)
23990,RT @NintendoAmerica: Bowser's Fury will be unleashed in a new #SuperMario3DWorld + #BowsersFury trailer tomorrow! Come back at 6am PT to se‚Ä¶,Philippines,Philippines,12.7503486,122.7312101,POINT (122.7312101 12.7503486)
2387,RT @NintendoEurope: Something colossal is about to happen! Mario and Bowser Jr. team up for an all-new bonus adventure in #SuperMario3DWorl‚Ä¶,Howard Estate‚Ñ¢,"Howard Estate, Bury St Edmunds, West Suffolk, Suffolk, East of England, England, IP32 6PH, United Kingdom",52.2573554,0.6951145,POINT (0.6951145 52.2573554)
1480,RT @UNLEASHEDLIGHT: üç´ All the bowser accounts running to do Bowser‚Äôs new form from the Bowser‚Äôs Fury trailer https://t.co/iKUoGm3ldb,United Kingdom,United Kingdom,54.7023545,-3.2765753,POINT (-3.2765753 54.7023545)
18431,My body randomly woke me up but I think it's because Nintendo is about to drop that Bowser's Fury trailer. ü§ì,"Las Vegas, NV","Las Vegas, Clark County, Nevada, United States",36.1672559,-115.1485163,POINT (-115.1485163 36.1672559)
15524,"RT @NobodyOfHarambe: Bowser's Fury looks awesome but I'm so confused as to what's going on. Like why does Bowser Jr. helping mario, and why‚Ä¶","Guangzhou, China","ÂπøÂ∑ûÂ∏Ç, Âπø‰∏úÁúÅ, ‰∏≠ÂõΩ",23.1301964,113.2592945,POINT (113.2592945 23.1301964)
21902,RT @NintendoAmerica: Bowser's Fury will be unleashed in a new #SuperMario3DWorld + #BowsersFury trailer tomorrow! Come back at 6am PT to se‚Ä¶,"Sumter, SC","Sumter, Sumter County, South Carolina, United States",33.9204354,-80.3414693,POINT (-80.3414693 33.9204354)
12405,"So from what I gather, Bowser's Fury is a single player expansion of 3D World that acts more like a traditional 3D‚Ä¶ https://t.co/FOKrdZF24Z",Nowhere,"Nowhere, Franklin County, Kansas, United States",38.7311123,-95.2414104,POINT (-95.24141040000001 38.7311123)
10222,"RT @Mustard_Mustach: People: *joking about how Bowser's Fury is just going to add dumb features like Toadette and Nabbit*

Bowser's Fury: h‚Ä¶",UK,United Kingdom,54.7023545,-3.2765753,POINT (-3.2765753 54.7023545)
13452,@scarVii @Pheonixmaster1 Super Mario 3D World Bowser's Fury coming out for switch next month,UK,United Kingdom,54.7023545,-3.2765753,POINT (-3.2765753 54.7023545)
7455,RT @AC_Roald: bowser‚Äôs fury looks absolutely wild https://t.co/xM71zSFz2n,Kopfkino,"Kopfkino, 151, August-Bebel-Stra√üe, Mitte, Bielefeld, Nordrhein-Westfalen, 33602, Deutschland",52.0182868,8.5399423,POINT (8.5399423 52.0182868)
13854,RT @NintendoEurope: Something colossal is about to happen! Mario and Bowser Jr. team up for an all-new bonus adventure in #SuperMario3DWorl‚Ä¶,work,"Work, Gifford, Dallas, Dallas County, Texas, 75230, United States",32.8950599,-96.7727807,POINT (-96.7727807 32.8950599)
24806,RT @NintendoAmerica: Bowser's Fury will be unleashed in a new #SuperMario3DWorld + #BowsersFury trailer tomorrow! Come back at 6am PT to se‚Ä¶,Canada,Canada,61.0666922,-107.9917071,POINT (-107.9917071 61.0666922)
8364,"RT @MattMcMuscles: Hmm yes yes. I will be buying Bowser's Fury. BTW, In Nintendo's press release, this new form was dubbed ""God-Slayer Bows‚Ä¶",Svizzera,Schweiz/Suisse/Svizzera/Svizra,46.7985624,8.2319736,POINT (8.2319736 46.7985624)
22133,RT @NintendoAmerica: Bowser's Fury will be unleashed in a new #SuperMario3DWorld + #BowsersFury trailer tomorrow! Come back at 6am PT to se‚Ä¶,"Coronel, Chile","Coronel, Provincia de Concepci√≥n, Regi√≥n del Biob√≠o, 4190000, Chile",-37.0164712,-73.1561953,POINT (-73.15619529999999 -37.0164712)
18495,RT @NintendoAmerica: Bowser's Fury will be unleashed in a new #SuperMario3DWorld + #BowsersFury trailer tomorrow! Come back at 6am PT to se‚Ä¶,United States,United States,39.7837304,-100.4458825,POINT (-100.4458825 39.7837304)
22410,RT @NintendoAmerica: Bowser's Fury will be unleashed in a new #SuperMario3DWorld + #BowsersFury trailer tomorrow! Come back at 6am PT to se‚Ä¶,"Queens, NY","Queens, Queens County, New York, United States",40.7498243,-73.7976337,POINT (-73.79763370000001 40.7498243)
16518,RT @FinalWeaponX4: Super Mario 3D World + Bowser‚Äôs Fury ‚Äì A Bigger Badder Bowser Trailer https://t.co/fSdAYNtttL https://t.co/UpzTOdUVp3,"Georgia, USA","Georgia, United States",32.3293809,-83.1137366,POINT (-83.1137366 32.3293809)
7733,"With #SuperMario3DWorld + Bowser's Fury launching in one month's time, SuperPhillip Central runs and jumps into thi‚Ä¶ https://t.co/cN9kJ28Bbc","St Louis, MO","St. Louis, City of Saint Louis, Madison County, Illinois, United States",38.6529545,-90.24111656024635,POINT (-90.24111656024635 38.6529545)
13498,"RT @videogamedeals: News: ""My Nintendo members who complete the ‚ÄúPurchase the Super Mario‚Ñ¢ 3D World + Bowser's Fury game‚Äù mission and 14 ad‚Ä¶",2.5D World,"World, Governor Drive, University City, San Diego, San Diego County, California, 92122, United States",32.8548259,-117.2041575,POINT (-117.2041575 32.8548259)
15092,RT @Nibellion: Official key art for Bowser's Fury https://t.co/FlyRwzo6xP,"Topeka, KS","Topeka, Shawnee County, Kansas, United States",39.049011,-95.677556,POINT (-95.677556 39.049011)
22106,RT @NintendoCanada: Bowser's Fury will be unleashed in a new #SuperMario3DWorld + #BowsersFury trailer tomorrow! Come back at 6am PT to see‚Ä¶,"Calgary, Alberta","Calgary, Alberta, Canada",51.0534234,-114.0625892,POINT (-114.0625892 51.0534234)
17714,RT @NintendoUK: Something colossal is about to happen! Mario and Bowser Jr. team up for an all-new bonus adventure in #SuperMario3DWorld +‚Ä¶,Y tho,"√û√≥rshafnarflugv√∂llur, Langanesvegur, √û√≥rsh√∂fn, Langanesbygg√∞, Nor√∞urland eystra, 680, √çsland",66.21603795,-15.335015790733081,POINT (-15.33501579073308 66.21603795)
12199,RT @Nibellion: Official key art for Bowser's Fury https://t.co/FlyRwzo6xP,The North,Norge,60.5000209,9.0999715,POINT (9.099971500000001 60.5000209)
11862,"RT @IGN: We finally have our first look at Bowser's Fury, the new expansion coming alongside the Nintendo Switch port of Super Mario 3D Wor‚Ä¶",Polska,Polska,52.215933,19.134422,POINT (19.134422 52.215933)
9291,"RT @Wario64: Super Mario‚Ñ¢ 3D World + Bowser‚Äôs Fury is available for preorder ($59.99)
Amazon https://t.co/0JBwo22ogM
Best Buy https://t.co/‚Ä¶",Illinois,"Illinois, United States",40.0796606,-89.4337288,POINT (-89.4337288 40.0796606)
2341,Ok what if the port part of 3D World looks shit but Bowser's Fury is RTX on,Cyberia,"Cyberia, Kelana Jaya, Petaling Jaya, Selangor, 4730P, Malaysia",3.1048048,101.5997759,POINT (101.5997759 3.1048048)
8556,Covid-infected mum's baby is v...  Check at https://t.co/lu9SLmyk2N Follow @insubcontinent also TRNDN #PortfolioDay‚Ä¶ https://t.co/UnT9mHhwSq,Bengaluru,"Bengaluru, Bangalore North, Bangalore Urban, Karnataka, India",12.9791198,77.5912997,POINT (77.59129969999999 12.9791198)
854,"RT @JesssAdel: Bowser in every Mario game: ü¶ñ

Bowser in Bowser's Fury: https://t.co/e5E04GY5Ov","Arizona, USA","Arizona, United States",34.395342,-111.763275,POINT (-111.763275 34.395342)
23628,RT @NintendoAmerica: Bowser's Fury will be unleashed in a new #SuperMario3DWorld + #BowsersFury trailer tomorrow! Come back at 6am PT to se‚Ä¶,Connecticut,"Connecticut, United States",41.6500201,-72.7342163,POINT (-72.7342163 41.6500201)
5273,Ok Bowser's Fury looks absolutely legit which makes me even more frustrated that's it's tied to an $80 game I alrea‚Ä¶ https://t.co/TDWi6CqZgs,"Toronto, Ontario","Toronto, Golden Horseshoe, Ontario, Canada",43.6534817,-79.3839347,POINT (-79.3839347 43.6534817)
324,RT @Nibellion: Official key art for Bowser's Fury https://t.co/FlyRwzo6xP,"Buffalo, NY","Buffalo, Erie County, New York, United States",42.8867166,-78.8783922,POINT (-78.87839219999999 42.8867166)
9856,I just realized the logo for bowser's fury is also covered in the same tar https://t.co/M5oheC03H9 https://t.co/NjTJAGpoJI,329 @ Dominican Republic,"◊î◊®◊§◊ï◊ë◊ú◊ô◊ß◊î ◊î◊ì◊ï◊û◊ô◊†◊ô◊ß◊†◊ô◊™, ◊¢◊ô◊® ◊í◊†◊ô◊ù, ◊ô◊®◊ï◊©◊ú◊ô◊ù, ◊û◊ó◊ï◊ñ ◊ô◊®◊ï◊©◊ú◊ô◊ù, no, ◊ô◊©◊®◊ê◊ú",31.7547257,35.1685265,POINT (35.1685265 31.7547257)
12252,Super Mario and Bowser Jr team up in Bowser‚Äôs Fury https://t.co/juHSed0awf,UK,United Kingdom,54.7023545,-3.2765753,POINT (-3.2765753 54.7023545)
17836,"RT @antdude92: Bowser's Fury looks incredible, oh my god",WAHOO,"Wahoo, Saunders County, Nebraska, United States",41.2111084,-96.6197985,POINT (-96.6197985 41.2111084)
17302,RT @Somecallmejon: Just gonna catch the Bowser's Fury trailer real quick andOHMYGOD-- https://t.co/ry0INDajht,"Newquay, England","Newquay, Oakleigh Terrace, Trenance, Newquay, Cornwall, South West England, England, TR7, United Kingdom",50.4143924,-5.0751373,POINT (-5.0751373 50.4143924)
16404,"Also, I am very much here for Bowser‚Äôs Fury being both a 3D World expansion and a sort of weird Mario Sunshine pseudosequel",Long Island,"Long Island, New York, United States",40.85149705,-73.0994258107431,POINT (-73.0994258107431 40.85149705)
12477,"RT @MattMcMuscles: Hmm yes yes. I will be buying Bowser's Fury. BTW, In Nintendo's press release, this new form was dubbed ""God-Slayer Bows‚Ä¶",My Underworld,"The Underworld, San Diego, San Diego County, California, 92119, United States",32.8257296,-117.0510206,POINT (-117.0510206 32.8257296)
14532,Bowser's Fury looks so fucking awesome!,"Alvin, TX","Alvin, Brazoria County, Texas, United States",29.4238472,-95.2441009,POINT (-95.24410090000001 29.4238472)
25577,RT @NintendoAmerica: Bowser's Fury will be unleashed in a new #SuperMario3DWorld + #BowsersFury trailer tomorrow! Come back at 6am PT to se‚Ä¶,United States,United States,39.7837304,-100.4458825,POINT (-100.4458825 39.7837304)
10177,"I can't wait to play it!
A Bigger Badder Bowser - Super Mario 3D World + Bowser's Fury - Nintendo... https://t.co/QwXHlCnIQr via @YouTube",France,France,46.603354,1.8883335,POINT (1.8883335 46.603354)
8888,"RT @MattMcMuscles: Hmm yes yes. I will be buying Bowser's Fury. BTW, In Nintendo's press release, this new form was dubbed ""God-Slayer Bows‚Ä¶","St Cloud, FL","Saint Cloud, Osceola County, Florida, United States",28.2498534,-81.2839038,POINT (-81.2839038 28.2498534)
6838,RT @NintendoAmerica: Bowser's Fury will be unleashed in a new #SuperMario3DWorld + #BowsersFury trailer tomorrow! Come back at 6am PT to se‚Ä¶,"Brooklyn, NY","Brooklyn, Kings County, New York, United States",40.6501038,-73.9495823,POINT (-73.9495823 40.6501038)
4835,RT @Nibellion: Official key art for Bowser's Fury https://t.co/FlyRwzo6xP,Madrid,"Madrid, √Årea metropolitana de Madrid y Corredor del Henares, Comunidad de Madrid, 28001, Espa√±a",40.4167047,-3.7035825,POINT (-3.7035825 40.4167047)
13628,"RT @Lbabinz: New Super Mario Bros. 35th Anniversary collectible pin set revealed, must purchase Super Mario 3D World + Bowser's Fury game a‚Ä¶",Matane,"Matane, La Matanie, Bas-Saint-Laurent, Qu√©bec, Canada",48.8468633,-67.5295977,POINT (-67.5295977 48.8468633)
5067,"RT @Nibellion: New Super Mario 3D World + Bowser's Fury trailer

https://t.co/Dm96L8kXEK https://t.co/2gH2bnh3KE","New York, New York","New York, United States",40.7127281,-74.0060152,POINT (-74.00601519999999 40.7127281)
10800,"RT @aitaikimochi: This new Bowser's Fury art is legit, but I can't get over Mario becoming Super Saiyan while wearing a cat suit??? https:/‚Ä¶","Edinburgh, Scotland","City of Edinburgh, Scotland, United Kingdom",55.9533456,-3.1883749,POINT (-3.1883749 55.9533456)
24526,RT @NintendoAmerica: Bowser's Fury will be unleashed in a new #SuperMario3DWorld + #BowsersFury trailer tomorrow! Come back at 6am PT to se‚Ä¶,Pokke Village,"Pokke, West 1, ÂÄ∂Áü•ÂÆâÁî∫, ËôªÁî∞ÈÉ°, ÂæåÂøóÁ∑èÂêàÊåØËààÂ±Ä, ÂåóÊµ∑ÈÅì, 044-0051, Êó•Êú¨",42.9029468,140.7519635,POINT (140.7519635 42.9029468)
9361,RT @Somecallmejon: Just gonna catch the Bowser's Fury trailer real quick andOHMYGOD-- https://t.co/ry0INDajht,"Pittsburg, CA","Pittsburg, Contra Costa County, California, 94565, United States",38.0181745,-121.8901232,POINT (-121.8901232 38.0181745)
11851,RT @Plun_Yu: super saiyan mario is in bowser‚Äôs fury  holy shit https://t.co/hvD1Lk86Fg,Angers,"Angers, Maine-et-Loire, Pays de la Loire, France m√©tropolitaine, France",47.4739884,-0.5515588,POINT (-0.5515588 47.4739884)
2880,RT @Cibles_: Ok so my theory is that the goal of Bowser's Fury is that you need to light up each of the towers to unlock that giant bell be‚Ä¶,"Los Angeles, USA","Los Angeles, Los Angeles County, California, United States",34.0536909,-118.242766,POINT (-118.242766 34.0536909)
4213,"RT @videogamedeals: News: ""My Nintendo members who complete the ‚ÄúPurchase the Super Mario‚Ñ¢ 3D World + Bowser's Fury game‚Äù mission and 14 ad‚Ä¶",The Dream World ,"‡∏î‡∏£‡∏µ‡∏°‡πÄ‡∏ß‡∏¥‡∏•‡∏î‡πå, ‡∏ñ‡∏ô‡∏ô‡∏£‡∏±‡∏á‡∏™‡∏¥‡∏ï-‡∏ô‡∏Ñ‡∏£‡∏ô‡∏≤‡∏¢‡∏Å, Pruksa Village 9, ‡∏ö‡∏∂‡∏á‡∏¢‡∏µ‡πà‡πÇ‡∏ñ, ‡∏≠‡∏≥‡πÄ‡∏†‡∏≠‡∏ò‡∏±‡∏ç‡∏ö‡∏∏‡∏£‡∏µ, ‡∏à‡∏±‡∏á‡∏´‡∏ß‡∏±‡∏î‡∏õ‡∏ó‡∏∏‡∏°‡∏ò‡∏≤‡∏ô‡∏µ, 12130, ‡∏õ‡∏£‡∏∞‡πÄ‡∏ó‡∏®‡πÑ‡∏ó‡∏¢",13.9909478,100.67517341677029,POINT (100.6751734167703 13.9909478)
18432,"@DynamoSuperX I'm gonna be honest, even if they cut out Bowser's Fury, I'd still buy it.","Kyoto, Japan - Nintendo","‰ªªÂ§©Â†Ç, ÂçÅÊù°ÈÄö„Çä, Ë•ø‰πùÊù°Ê£ÆÊú¨Áî∫, ÂçóÂå∫, ‰∫¨ÈÉΩÂ∏Ç, ‰∫¨ÈÉΩÂ∫ú, 601-8502, Êó•Êú¨",34.9725333,135.7547843,POINT (135.7547843 34.9725333)
18532,RT @NintendoAmerica: Bowser's Fury will be unleashed in a new #SuperMario3DWorld + #BowsersFury trailer tomorrow! Come back at 6am PT to se‚Ä¶,My Room üéÆ,"my room, ÿ¥ÿßÿ±ÿπ ÿ≠ÿ±ÿßÿ°, ÿ¨ÿØÿ©, ŸÖŸÜÿ∑ŸÇÿ© ŸÖŸÉÿ© ÿßŸÑŸÖŸÉÿ±ŸÖÿ©, 23534, ÿßŸÑÿ≥ÿπŸàÿØŸäÿ©",21.6125628,39.1473439,POINT (39.1473439 21.6125628)
4566,RT @Nibellion: Official key art for Bowser's Fury https://t.co/FlyRwzo6xP,"California, USA","California, United States",36.7014631,-118.755997,POINT (-118.755997 36.7014631)
13634,RT @Plun_Yu: so glad my boi bowser jr is back in bowser‚Äôs fury. getting sunshine vibes seeing him holding e gadd‚Äôs brush https://t.co/UyOlZ‚Ä¶,UK,United Kingdom,54.7023545,-3.2765753,POINT (-3.2765753 54.7023545)
6507,A Bigger Badder Bowser - Super Mario 3D World + Bowser's Fury - Nintendo... https://t.co/HkqBBeQcyN @YouTube„Çà„Çä,„Ç®„É≠„Éû„É≥„Ç¨Â≥∂,"Eromanga, Quilpie Shire, Queensland, Australia",-26.6674973,143.2706004,POINT (143.2706004 -26.6674973)
13795,RT @Wario64: new Super Mario Bros. 35th Anniversary collectible pin set revealed. Must purchase Super Mario 3D World + Bowser's Fury and co‚Ä¶,"Columbia, SC","Columbia, Richland County, South Carolina, United States",34.0007493,-81.0343313,POINT (-81.03433130000001 34.0007493)
22603,@_MissClick_ Finally! Really curious about Bowser's Fury,"Suburbia, USA","Suburbia, Glen Burnie, Anne Arundel County, Maryland, 21060, United States",39.1728862,-76.5974655,POINT (-76.5974655 39.1728862)
6160,RT @Nibellion: Official key art for Bowser's Fury https://t.co/FlyRwzo6xP,"Daly City, CA","Daly City, San Mateo County, California, United States",37.6904826,-122.4726708,POINT (-122.4726708 37.6904826)
20944,RT @NintendoAmerica: Bowser's Fury will be unleashed in a new #SuperMario3DWorld + #BowsersFury trailer tomorrow! Come back at 6am PT to se‚Ä¶,The Death Star,"Death Star, Richmond Valley Council, New South Wales, Australia",-29.1707174,153.2307012,POINT (153.2307012 -29.1707174)
15513,A Bigger Badder Bowser - Super Mario 3D World + Bowser's Fury - Nintendo... https://t.co/oIJvogxbgM via @YouTube OMG üò± @MatthewMarshal7,"Detroit, MI","Detroit, Wayne County, Michigan, United States",42.3315509,-83.0466403,POINT (-83.04664030000001 42.3315509)
15026,RT @Mechazawa: Bowser's Fury https://t.co/GUqNBjbSpm,"Oshawa, Ontario","Oshawa, Durham Region, Golden Horseshoe, Ontario, Canada",43.8975558,-78.8635324,POINT (-78.8635324 43.8975558)
18916,I misread Bowser's Fury as something else https://t.co/qwD5c41P11,behind you,"Behind Peaks, Fiordland Community, Southland District, Southland, New Zealand / Aotearoa",-45.34263,167.10617,POINT (167.10617 -45.34263)
11059,"RT @MattMcMuscles: Hmm yes yes. I will be buying Bowser's Fury. BTW, In Nintendo's press release, this new form was dubbed ""God-Slayer Bows‚Ä¶","Calgary, Alberta","Calgary, Alberta, Canada",51.0534234,-114.0625892,POINT (-114.0625892 51.0534234)
1844,RT @Noodle_nevarez: Bowser's fury https://t.co/jKc9H0x7HD,"Los Angeles, USA","Los Angeles, Los Angeles County, California, United States",34.0536909,-118.242766,POINT (-118.242766 34.0536909)
19730,RT @NintendoAmerica: Bowser's Fury will be unleashed in a new #SuperMario3DWorld + #BowsersFury trailer tomorrow! Come back at 6am PT to se‚Ä¶,"Fort Smith, AR","Fort Smith, Sebastian County, Arkansas, United States",35.3872218,-94.4248983,POINT (-94.4248983 35.3872218)
20905,"RT @DynamoSuperX: Super Mario 3D World file size on Switch is 2.9 GB! That's 1.2 more than on Wii U.

So, Bowser's Fury may be bigger than‚Ä¶","Algonac, Michigan","Algonac, Saint Clair County, Michigan, United States",42.6183675,-82.531018,POINT (-82.531018 42.6183675)
14557,You want screenshots? You got 'em! - Check Out These Official Screenshots From The Bowser's Fury Expansion To Super‚Ä¶ https://t.co/6vJx66LdHK,Hyrule,"Hyrule, 4, St Patrick's Court, Saint Peter Port, Guernsey, GY1, Guernsey",49.46375255,-2.553575999840772,POINT (-2.553575999840772 49.46375255)
18126,RT @NintendoUK: Something colossal is about to happen! Mario and Bowser Jr. team up for an all-new bonus adventure in #SuperMario3DWorld +‚Ä¶,"London, England","London, Greater London, England, United Kingdom",51.5073219,-0.1276474,POINT (-0.1276474 51.5073219)
17276,That bowser‚Äôs fury trailer looks SO good. Depending on how long it is this is one of the first Wii U ports that jus‚Ä¶ https://t.co/oaI6ibKCxU,he/him,"Him, Konshisha, Benue, Nigeria",7.016667,8.866667,POINT (8.866667 7.016667)
11465,"RT @MarioBrothBlog: As seen in the new trailer for Super Mario 3D World + Bowser's Fury, everything in the Bowser's Fury adventure is cat-t‚Ä¶","Japeri, Brasil","Japeri, Regi√£o Geogr√°fica Imediata do Rio de Janeiro, Regi√£o Metropolitana do Rio de Janeiro, Regi√£o Geogr√°fica Intermedi√°ria do Rio de Janeiro, Rio de Janeiro, Regi√£o Sudeste, Brasil",-22.6427642,-43.6533831,POINT (-43.6533831 -22.6427642)
14146,RT @Nibellion: Official key art for Bowser's Fury https://t.co/FlyRwzo6xP,"Virginia Beach, VA","Virginia Beach, Virginia, United States",36.8529841,-75.9774183,POINT (-75.9774183 36.8529841)
10067,RT @Nibellion: Official key art for Bowser's Fury https://t.co/FlyRwzo6xP,your local bakery,"Your Local, Camden Road, Somers Town, London Borough of Camden, London, Greater London, England, NW1 9DR, United Kingdom",51.5400989,-0.1404018,POINT (-0.1404018 51.5400989)
22241,RT @TheNintendoFeed: BOWSER‚ÄôS FURY! Nintendo has announced that a two minute Super Mario 3D World + Bowser‚Äôs Fury Trailer goes live on Janu‚Ä¶,"Helsinki, Finland","Helsinki, Helsingin seutukunta, Uusimaa, Etel√§-Suomen aluehallintovirasto, Manner-Suomi, Suomi",60.1674881,24.9427473,POINT (24.9427473 60.1674881)
24040,RT @NintendoAmerica: Bowser's Fury will be unleashed in a new #SuperMario3DWorld + #BowsersFury trailer tomorrow! Come back at 6am PT to se‚Ä¶,"Poggersdorf, √ñsterreich","Poggersdorf, Bezirk Klagenfurt-Land, K√§rnten, 9130, √ñsterreich",46.6509109,14.45082,POINT (14.45082 46.6509109)
4369,RT @igmrevaporation: Super Mario 3D World + Bowser‚Äôs Fury (2021) https://t.co/4L486ttZ9s,Canada,Canada,61.0666922,-107.9917071,POINT (-107.9917071 61.0666922)
19393,"https://t.co/oPbG3h8kc9
I Have NEW Super Mario 3D World + Bowser's Fury Information!

#Mario #SuperMario‚Ä¶ https://t.co/qEIwE4Cpsb","Melbourne, Victoria","Melbourne, City of Melbourne, Victoria, 3000, Australia",-37.8142176,144.9631608,POINT (144.9631608 -37.8142176)
429,"RT @KetArtDragon: Bowser's Fury
Mario is a Furry https://t.co/UQ7bxTtUY7","Auckland, New Zealand","Auckland, WaitematƒÅ, Auckland, 1010, New Zealand / Aotearoa",-36.852095,174.7631803,POINT (174.7631803 -36.852095)
16936,Here's our best look yet at Super Mario 3D World + Bowser's Fury https://t.co/dYGZT9Y7CU,Norway,Norge,60.5000209,9.0999715,POINT (9.099971500000001 60.5000209)
14257,Bowser‚Äôs Fury,"Colorado Springs, CO","Colorado Springs, El Paso County, Colorado, United States",38.8339578,-104.8253485,POINT (-104.8253485 38.8339578)
10504,Watch Super Sonic fight Bowser in Bowser's Fury #bowsersfury #Nintendo https://t.co/Z5QGqbNiZS,he/him,"Him, Konshisha, Benue, Nigeria",7.016667,8.866667,POINT (8.866667 7.016667)
24163,RT @NintendoAmerica: Bowser's Fury will be unleashed in a new #SuperMario3DWorld + #BowsersFury trailer tomorrow! Come back at 6am PT to se‚Ä¶,"Providence, RI","Providence, Providence County, Rhode Island, United States",41.8239891,-71.4128343,POINT (-71.4128343 41.8239891)
5528,RT @NintendoAmerica: Bowser's Fury will be unleashed in a new #SuperMario3DWorld + #BowsersFury trailer tomorrow! Come back at 6am PT to se‚Ä¶,"North Carolina, USA","North Carolina, United States",35.6729639,-79.0392919,POINT (-79.03929189999999 35.6729639)
7540,"RT @MattMcMuscles: Hmm yes yes. I will be buying Bowser's Fury. BTW, In Nintendo's press release, this new form was dubbed ""God-Slayer Bows‚Ä¶","Texas, United States","Texas, United States",31.8160381,-99.5120986,POINT (-99.5120986 31.8160381)
21612,"@OrangeofJuice @dat_hylian @badvgtakes I mean if you want to buy it for 60, by all means, go ahead. It just doesn't‚Ä¶ https://t.co/P9QtUmvj3O",Iowa,"Iowa, United States",41.9216734,-93.3122705,POINT (-93.3122705 41.9216734)
19992,RT @NintendoAmerica: Bowser's Fury will be unleashed in a new #SuperMario3DWorld + #BowsersFury trailer tomorrow! Come back at 6am PT to se‚Ä¶,"New York, NY","New York, United States",40.7127281,-74.0060152,POINT (-74.00601519999999 40.7127281)
8217,RT @thegameawards: The new key art for Super Mario 3D World: Bowser‚Äôs Fury coming on February 12 to Switch! https://t.co/a2v1DtxSwq,"Lima, Peru","Lima, Per√∫",-12.0621065,-77.0365256,POINT (-77.0365256 -12.0621065)
9006,RT @Nibellion: Official key art for Bowser's Fury https://t.co/FlyRwzo6xP,"Scotland, United Kingdom","Scotland, United Kingdom",56.7861112,-4.1140518,POINT (-4.1140518 56.7861112)
4743,RT @Nibellion: Official key art for Bowser's Fury https://t.co/FlyRwzo6xP,"Queens, NY","Queens, Queens County, New York, United States",40.7498243,-73.7976337,POINT (-73.79763370000001 40.7498243)
2757,@Nirbion In the german version of Bowser's Fury you fight the giant USK logo in bowsers' place,United Kingdom,United Kingdom,54.7023545,-3.2765753,POINT (-3.2765753 54.7023545)
11257,RT @NoponDigi: Bowser's Fury (2021) https://t.co/ZYY4D3JAxk,he/him,"Him, Konshisha, Benue, Nigeria",7.016667,8.866667,POINT (8.866667 7.016667)
24239,RT @NintendoAmerica: Bowser's Fury will be unleashed in a new #SuperMario3DWorld + #BowsersFury trailer tomorrow! Come back at 6am PT to se‚Ä¶,Le chemin de la r√©bellion ,"Rebellion, 1836, 18th Street Northwest, Dupont Circle, Washington, District of Columbia, 20009-5540, United States",38.91532,-77.0418526,POINT (-77.0418526 38.91532)
10759,RT @Nibellion: Official key art for Bowser's Fury https://t.co/FlyRwzo6xP,I am somewhere ,"Somewhere, Carrer d'Arag√≥, la Dreta de l'Eixample, Eixample, Barcelona, Barcelon√®s, Barcelona, Catalunya, 08001, Espa√±a",41.394568,2.1683482,POINT (2.1683482 41.394568)
9704,"RT @TristanACooper: Things that are cats in Bowser's Fury: trees, goombas, boomerang bros, bees, Spike, piranha plants, pigeons, Pom Pom, c‚Ä¶",France,France,46.603354,1.8883335,POINT (1.8883335 46.603354)
4879,RT @rubygamer71: I will be buying mario 3d world + bowser's fury simply because I like cats.,Pakistan,Ÿæÿß⁄©ÿ≥ÿ™ÿßŸÜ,30.3308401,71.247499,POINT (71.247499 30.3308401)
15078,RT @Nibellion: Official key art for Bowser's Fury https://t.co/FlyRwzo6xP,„Ç´„É≥„Çµ„Ç§Âú∞Êñπ,"KANSAI, ÂâçÊ©ãÂÆâ‰∏≠ÂØåÂ≤°Á∑ö, ÂâçÊ©ãÂ∏Ç, Áæ§È¶¨Áúå, 371-0845, Êó•Êú¨",36.3856229,139.0342922,POINT (139.0342922 36.3856229)
11881,RT @UNLEASHEDLIGHT: üç´ All the bowser accounts running to do Bowser‚Äôs new form from the Bowser‚Äôs Fury trailer https://t.co/iKUoGm3ldb,Mushroom Kingdom,"Mushroom Kingdom, Park View, Crofton, Newsham, Blyth, Northumberland, North East England, England, NE24 3AX, United Kingdom",55.1239096,-1.5005726,POINT (-1.5005726 55.1239096)
15172,RT @Nibellion: Official key art for Bowser's Fury https://t.co/FlyRwzo6xP,"Bel√©m, PA, Brasil","Bel√©m, Regi√£o Geogr√°fica Imediata de Bel√©m, Regi√£o Geogr√°fica Intermedi√°ria de Bel√©m, Par√°, Regi√£o Norte, Brasil",-1.45056,-48.4682453,POINT (-48.4682453 -1.45056)
13466,"Ok, so Bowser's Fury looks awesome and I'm gonna have to pick that up.","Nashville, TN","Nashville-Davidson, Davidson County, Tennessee, United States",36.1622296,-86.7743531,POINT (-86.7743531 36.1622296)
4347,RT @Nibellion: Official key art for Bowser's Fury https://t.co/FlyRwzo6xP,France,France,46.603354,1.8883335,POINT (1.8883335 46.603354)
22078,RT @NintendoAmerica: Bowser's Fury will be unleashed in a new #SuperMario3DWorld + #BowsersFury trailer tomorrow! Come back at 6am PT to se‚Ä¶,USA,United States,39.7837304,-100.4458825,POINT (-100.4458825 39.7837304)
39,RT @Nibellion: Official key art for Bowser's Fury https://t.co/FlyRwzo6xP,United States,United States,39.7837304,-100.4458825,POINT (-100.4458825 39.7837304)
6301,"RT @KetArtDragon: Bowser's Fury
Mario is a Furry https://t.co/UQ7bxTtUY7",England,"England, United Kingdom",52.5310214,-1.2649062,POINT (-1.2649062 52.5310214)
2190,Bowser's Fury https://t.co/IFicCp7yMP,Brazil,Brasil,-10.3333333,-53.2,POINT (-53.2 -10.3333333)
2399,"RT @TristanACooper: Things that are cats in Bowser's Fury: trees, goombas, boomerang bros, bees, Spike, piranha plants, pigeons, Pom Pom, c‚Ä¶","Marietta, GA","Marietta, Cobb County, Georgia, United States",33.9528472,-84.5496148,POINT (-84.5496148 33.9528472)
20807,RT @NintendoAmerica: Bowser's Fury will be unleashed in a new #SuperMario3DWorld + #BowsersFury trailer tomorrow! Come back at 6am PT to se‚Ä¶,Prison,"The Prison, Highland, Scotland, IV51 9LB, United Kingdom",57.637841,-6.2720278,POINT (-6.2720278 57.637841)
23556,RT @NintendoAmerica: Bowser's Fury will be unleashed in a new #SuperMario3DWorld + #BowsersFury trailer tomorrow! Come back at 6am PT to se‚Ä¶,china town,"China Town, Moonta Street, Adelaide, Adelaide City Council, South Australia, 5000, Australia",-34.9295913,138.5958765,POINT (138.5958765 -34.9295913)
3966,"Trailer for Bowser's Fury drops and y'all forget about all the shit they did/still doing huh?

I mean, typical, but still","New York, USA","New York, United States",40.7127281,-74.0060152,POINT (-74.00601519999999 40.7127281)
7452,RT @Nibellion: Official key art for Bowser's Fury https://t.co/FlyRwzo6xP,Canada,Canada,61.0666922,-107.9917071,POINT (-107.9917071 61.0666922)
20551,RT @NintendoAmerica: Bowser's Fury will be unleashed in a new #SuperMario3DWorld + #BowsersFury trailer tomorrow! Come back at 6am PT to se‚Ä¶,"New Jersey, USA","New Jersey, United States",40.0757384,-74.4041622,POINT (-74.4041622 40.0757384)
4515,RT @RandomPocket12: I swear all of us really just expected Bowser's Fury to be some throwaway mode with Toadette or some shit and that it w‚Ä¶,The Pacific Ocean,"pacific ocean, Betio, Kiribati",1.33471455,172.9412747669295,POINT (172.9412747669295 1.33471455)
18111,RT @NintendoAmerica: Bowser's Fury will be unleashed in a new #SuperMario3DWorld + #BowsersFury trailer tomorrow! Come back at 6am PT to se‚Ä¶,"Florida, USA","Florida, United States",27.7567667,-81.4639835,POINT (-81.4639835 27.7567667)
13519,@GlitchedGuy2 I don‚Äôt really like 3D world from the Wii U but Bowser‚Äôs Fury looks insane,Britain ,United Kingdom,54.7023545,-3.2765753,POINT (-3.2765753 54.7023545)
3070,RT @Citrus363: Bowser's Fury https://t.co/aIgzNyBq1H,Canada,Canada,61.0666922,-107.9917071,POINT (-107.9917071 61.0666922)
2757,@Nirbion In the german version of Bowser's Fury you fight the giant USK logo in bowsers' place,United Kingdom,United Kingdom,54.7023545,-3.2765753,POINT (-3.2765753 54.7023545)
61,"@Stealth40k Bowser's Fury does have a Singleplayer feel to it though, which packaged with a game that does multipla‚Ä¶ https://t.co/3Ef2bpxiNY",Slovenia,Slovenija,45.8133113,14.4808369,POINT (14.4808369 45.8133113)
21206,RT @NintendoAmerica: Bowser's Fury will be unleashed in a new #SuperMario3DWorld + #BowsersFury trailer tomorrow! Come back at 6am PT to se‚Ä¶,SoCal,"Socal, Registro, Regi√£o Imediata de Registro, Regi√£o Geogr√°fica Intermedi√°ria de Sorocaba, S√£o Paulo, Regi√£o Sudeste, Brasil",-24.3998924,-47.7125224,POINT (-47.7125224 -24.3998924)
22630,RT @NintendoAmerica: Bowser's Fury will be unleashed in a new #SuperMario3DWorld + #BowsersFury trailer tomorrow! Come back at 6am PT to se‚Ä¶,"Baltimore, MD","Baltimore, Maryland, United States",39.2908816,-76.610759,POINT (-76.610759 39.2908816)
19287,RT @NintendoAmerica: Bowser's Fury will be unleashed in a new #SuperMario3DWorld + #BowsersFury trailer tomorrow! Come back at 6am PT to se‚Ä¶,United States,United States,39.7837304,-100.4458825,POINT (-100.4458825 39.7837304)
7674,y know the fact that they arent showing of rosalina in promo stuff in bowser's fury makes me think there could be a new character,he/him,"Him, Konshisha, Benue, Nigeria",7.016667,8.866667,POINT (8.866667 7.016667)
13144,Shows where I‚Äôm at. Saw Bowser‚Äôs Fury trending and immediately empathized with @MayorBowser https://t.co/R2qHhRqES8,United States,United States,39.7837304,-100.4458825,POINT (-100.4458825 39.7837304)
2309,rotmnt movie AND bowser's fury announcements today? yes please!,unova ,"unova service GmbH, 55, Muggenhofer Stra√üe, Eberhardshof, N√ºrnberg, Bayern, 90429, Deutschland",49.4585804,11.0398797,POINT (11.0398797 49.4585804)
20342,RT @NintendoAmerica: Bowser's Fury will be unleashed in a new #SuperMario3DWorld + #BowsersFury trailer tomorrow! Come back at 6am PT to se‚Ä¶,"Ontario, Canada","Ontario, Canada",50.000678,-86.000977,POINT (-86.00097700000001 50.000678)
22112,RT @NintendoAmerica: Bowser's Fury will be unleashed in a new #SuperMario3DWorld + #BowsersFury trailer tomorrow! Come back at 6am PT to se‚Ä¶,Chile,Chile,-31.7613365,-71.3187697,POINT (-71.3187697 -31.7613365)
12958,Bowser's Fury boss fight lookin dope https://t.co/D5MsXeT0sb,"Paderborn, Germany","Paderborn, Kreis Paderborn, Nordrhein-Westfalen, Deutschland",51.71895955,8.764869778177559,POINT (8.764869778177559 51.71895955)
14395,RT @Nibellion: Official key art for Bowser's Fury https://t.co/FlyRwzo6xP,"Barbacena, Brasil","Barbacena, Microrregi√£o Barbacena, Regi√£o Geogr√°fica Intermedi√°ria de Barbacena, Minas Gerais, Regi√£o Sudeste, Brasil",-21.2254524,-43.7735087,POINT (-43.7735087 -21.2254524)
10846,Bowser's Fury is the kaiju game huh,Hero 108,"108, Chemin du Mas Rouge √† Saint-Vincent, Le Mas de P√©rols, P√©rols, Montpellier, H√©rault, Occitanie, France m√©tropolitaine, 34470, France",43.555037999999996,3.9428251029602093,POINT (3.942825102960209 43.555038)
4879,RT @rubygamer71: I will be buying mario 3d world + bowser's fury simply because I like cats.,Pakistan,Ÿæÿß⁄©ÿ≥ÿ™ÿßŸÜ,30.3308401,71.247499,POINT (71.247499 30.3308401)
3218,RT @Nibellion: Official key art for Bowser's Fury https://t.co/FlyRwzo6xP,uh,"University of Houston, 4800, Calhoun Road, Houston, Harris County, Texas, 77004, United States",29.7207902,-95.34406271491369,POINT (-95.34406271491369 29.7207902)
16644,Okay Bowser's Fury looks legitimately amazing. Guess I'm adding that to my February purchases. Just hope it's not over in 30 minutes.,"Kiel, Germany","Kiel, Schleswig-Holstein, Deutschland",54.3227085,10.135555,POINT (10.135555 54.3227085)
16258,"RT @MarioBrothBlog: As seen in the new trailer for Super Mario 3D World + Bowser's Fury, everything in the Bowser's Fury adventure is cat-t‚Ä¶","Los Angeles, CA","Los Angeles, Los Angeles County, California, United States",34.0536909,-118.242766,POINT (-118.242766 34.0536909)
20151,RT @NintendoAmerica: Bowser's Fury will be unleashed in a new #SuperMario3DWorld + #BowsersFury trailer tomorrow! Come back at 6am PT to se‚Ä¶,The Void,"Â§©Èöõ‰∏≠ÂøÉ The Galaxy, 313, ‰∏≠ËëµÊ∂å Chung Kwai Chung, È¶ôÊ∏ØÂ≥∂ Hong Kong Island, ËëµÈùíÂçÄ Kwai Tsing District, Êñ∞Áïå New Territories, È¶ôÊ∏Ø Hong Kong, ‰∏≠ÂõΩ",22.36047145,114.13510202195724,POINT (114.1351020219572 22.36047145)
22094,RT @NintendoCanada: Bowser's Fury will be unleashed in a new #SuperMario3DWorld + #BowsersFury trailer tomorrow! Come back at 6am PT to see‚Ä¶,"Manhattan, NY","Manhattan, New York County, New York, United States",40.7896239,-73.9598939,POINT (-73.9598939 40.7896239)
16616,"RT @Nibellion: New Super Mario 3D World + Bowser's Fury trailer

https://t.co/Dm96L8kXEK https://t.co/2gH2bnh3KE",Your moms house,"Your Mom's House, 3011, Bledsoe Street, Crockett Row, Fort Worth, Tarrant County, Texas, 76107, United States",32.7481613,-97.3606245,POINT (-97.3606245 32.7481613)
7625,"RT @Nibellion: New Super Mario 3D World + Bowser's Fury trailer

https://t.co/Dm96L8kXEK https://t.co/2gH2bnh3KE","California, US","California, United States",36.7014631,-118.755997,POINT (-118.755997 36.7014631)
2323,"RT @Nirbion: Not sure if anyone already posted it, because I only the the cropped version from the trailer, but:

Full-sized Bowser's Fury‚Ä¶","City, Guatemala",Guatemala,15.6356088,-89.8988087,POINT (-89.8988087 15.6356088)
7367,Novas aventuras em Super Mario 3d World + Bowser‚Äôs Fury para Nintendo¬†Switch https://t.co/cGaCMjCx8s,Portugal,Portugal,40.0332629,-7.8896263,POINT (-7.8896263 40.0332629)
16571,"RT @MarioBrothBlog: As seen in the new trailer for Super Mario 3D World + Bowser's Fury, everything in the Bowser's Fury adventure is cat-t‚Ä¶",üí´Temple of Brainstormüí´,"Brainstorm, Charlton Road, Creech Heathfield, Creech St. Michael, Somerset West and Taunton, Somerset, South West England, England, TA3 5EJ, United Kingdom",51.0380485,-3.031268599741642,POINT (-3.031268599741642 51.0380485)
1405,RT @Nibellion: Official key art for Bowser's Fury https://t.co/FlyRwzo6xP,The Town,"Town, Vieux Fort, LC12 201, Saint Lucia",13.729125,-60.9544706,POINT (-60.9544706 13.729125)
9018,"RT @IBrownArts: So, Bowser's Fury, huh?
#fanart #Mario https://t.co/sX2eoPkGPp",Somewhere in Spain,"Somewhere, Carrer d'Arag√≥, la Dreta de l'Eixample, Eixample, Barcelona, Barcelon√®s, Barcelona, Catalunya, 08001, Espa√±a",41.394568,2.1683482,POINT (2.1683482 41.394568)
2263,"RT @IntroSpecktive: How Mario Fans Saw the Bowser's Fury Trailer https://t.co/MLXKyADZOB 

FIRST VID OF 2021!!!","Michigan, USA","Michigan, United States",43.6211955,-84.6824346,POINT (-84.68243459999999 43.6211955)
16088,RT @gematsucom: Super Mario 3D World + Bowser‚Äôs Fury ‚ÄòA Bigger Badder Bowser‚Äô trailer; Switch ‚ÄòMario Red &amp; Blue Edition‚Äô¬†announced https://‚Ä¶,"Toronto, Ontario","Toronto, Golden Horseshoe, Ontario, Canada",43.6534817,-79.3839347,POINT (-79.3839347 43.6534817)
16369,"RT @MarioBrothBlog: As seen in the new trailer for Super Mario 3D World + Bowser's Fury, everything in the Bowser's Fury adventure is cat-t‚Ä¶","Oklahoma City, OK","Oklahoma City, Oklahoma County, Oklahoma, United States",35.4729886,-97.5170536,POINT (-97.5170536 35.4729886)
11585,RT @NintendoAmerica: Bowser's Fury will be unleashed in a new #SuperMario3DWorld + #BowsersFury trailer tomorrow! Come back at 6am PT to se‚Ä¶,what,"What, Luzerne County, Pennsylvania, 18621, United States",41.2538237,-76.0542396,POINT (-76.0542396 41.2538237)
426,"RT @Crunchyroll: NEWS: Super Mario 3D World Unleashes Bowser's Kaiju Fury in Switch Trailer

‚ú® More: https://t.co/pE0pKSrGWY https://t.co/M‚Ä¶","Reno, NV","Reno, Washoe County, Nevada, United States",39.5261206,-119.8126581,POINT (-119.8126581 39.5261206)
756,RT @TwinkleStarfu: Mario fans when Bowser's Fury is revealed to be 3D https://t.co/ax6GK3AqNy,Space,"Space, Turner, North Canberra, District of Canberra Central, Australian Capital Territory, 2612, Australia",-35.26562945,149.1305008240921,POINT (149.1305008240921 -35.26562945)
2681,RT @NintendoEurope: Something colossal is about to happen! Mario and Bowser Jr. team up for an all-new bonus adventure in #SuperMario3DWorl‚Ä¶,"Palma, Espa√±a","Palma, Illes Balears, Espa√±a",39.5695818,2.6500745,POINT (2.6500745 39.5695818)
17362,honestly Bowser‚Äôs Fury looks really good which makes it being just an expansion to 3D World pretty disappointing.,Virginia,"Virginia, United States",37.1232245,-78.4927721,POINT (-78.4927721 37.1232245)
25109,RT @NintendoAmerica: Bowser's Fury will be unleashed in a new #SuperMario3DWorld + #BowsersFury trailer tomorrow! Come back at 6am PT to se‚Ä¶,"Montr√©al, Qu√©bec","Montr√©al, Agglom√©ration de Montr√©al, Montr√©al (06), Qu√©bec, Canada",45.4972159,-73.6103642,POINT (-73.61036420000001 45.4972159)
11176,RT @Nibellion: Official key art for Bowser's Fury https://t.co/FlyRwzo6xP,1-11-2020 ,"2020, Interstate 11 (proposed), Maricopa County, Arizona, 85354, United States",33.428099566810644,-112.80956903656296,POINT (-112.809569036563 33.42809956681064)
15600,RT @HydraJojo: Damn that Bowser's Fury trailer was literally Furries vs Goths smh. https://t.co/GHIj87fLOi,Canada,Canada,61.0666922,-107.9917071,POINT (-107.9917071 61.0666922)
25437,RT @NintendoAmerica: Bowser's Fury will be unleashed in a new #SuperMario3DWorld + #BowsersFury trailer tomorrow! Come back at 6am PT to se‚Ä¶,Georgia,"Georgia, United States",32.3293809,-83.1137366,POINT (-83.1137366 32.3293809)
1777,RT @Sol_Brando: @RelaxAlax you called the duo for bowser‚Äôs fury https://t.co/qu7L5scBYZ,"Montr√©al, Qu√©bec","Montr√©al, Agglom√©ration de Montr√©al, Montr√©al (06), Qu√©bec, Canada",45.4972159,-73.6103642,POINT (-73.61036420000001 45.4972159)
21427,RT @NintendoAmerica: Bowser's Fury will be unleashed in a new #SuperMario3DWorld + #BowsersFury trailer tomorrow! Come back at 6am PT to se‚Ä¶,Buenos aires,"Buenos Aires, Comuna 6, Ciudad Aut√≥noma de Buenos Aires, Argentina",-34.6075682,-58.4370894,POINT (-58.4370894 -34.6075682)
18229,"RT @GoNintendoTweet: Super Mario 3D World + Bowser's Fury steelbook edition for South Korea, pre-order bonus for Hong Kong revealed https:/‚Ä¶",North America ET Zone,"North America, Newport, East Riding of Yorkshire, Yorkshire and the Humber, England, HU15 2RX, United Kingdom",53.7769201,-0.714434,POINT (-0.714434 53.7769201)
11322,RT @Nibellion: Official key art for Bowser's Fury https://t.co/FlyRwzo6xP,"Kouvola, Suomi","Kouvola, Kouvolan seutukunta, Kymenlaakso, Etel√§-Suomen aluehallintovirasto, Manner-Suomi, Suomi",60.8701996,26.7018042,POINT (26.7018042 60.8701996)
3048,RT @Plun_Yu: so glad my boi bowser jr is back in bowser‚Äôs fury. getting sunshine vibes seeing him holding e gadd‚Äôs brush https://t.co/UyOlZ‚Ä¶,"Los Angeles, USA","Los Angeles, Los Angeles County, California, United States",34.0536909,-118.242766,POINT (-118.242766 34.0536909)
4418,RT @Somecallmejon: Just gonna catch the Bowser's Fury trailer real quick andOHMYGOD-- https://t.co/ry0INDajht,"Lancaster, SC","Lancaster, Lancaster County, South Carolina, 29720-2135, United States",34.7204257,-80.7709015,POINT (-80.77090149999999 34.7204257)
5401,RT @NintendoEurope: Something colossal is about to happen! Mario and Bowser Jr. team up for an all-new bonus adventure in #SuperMario3DWorl‚Ä¶,"Victoria, British Columbia","Victoria, Capital Regional District, British Columbia, Canada",48.4283182,-123.3649533,POINT (-123.3649533 48.4283182)
1558,"RT @MarioBrothBlog: As seen in the new trailer for Super Mario 3D World + Bowser's Fury, everything in the Bowser's Fury adventure is cat-t‚Ä¶","Ontario, Canada","Ontario, Canada",50.000678,-86.000977,POINT (-86.00097700000001 50.000678)
7452,RT @Nibellion: Official key art for Bowser's Fury https://t.co/FlyRwzo6xP,Canada,Canada,61.0666922,-107.9917071,POINT (-107.9917071 61.0666922)
12151,"RT @MattMcMuscles: Hmm yes yes. I will be buying Bowser's Fury. BTW, In Nintendo's press release, this new form was dubbed ""God-Slayer Bows‚Ä¶",San Francisco,"San Francisco, San Francisco City and County, California, United States",37.7790262,-122.4199061,POINT (-122.4199061 37.7790262)
12312,RT @Nibellion: Official key art for Bowser's Fury https://t.co/FlyRwzo6xP,Middle of North Carolina,"Middle, Fairfax, Allendale County, South Carolina, 29827, United States",32.951093,-81.228221,POINT (-81.228221 32.951093)
21323,RT @NintendoAmerica: Bowser's Fury will be unleashed in a new #SuperMario3DWorld + #BowsersFury trailer tomorrow! Come back at 6am PT to se‚Ä¶,"Port St Lucie, FL","Port St. Lucie, St. Lucie County, Florida, United States",27.2939333,-80.3503283,POINT (-80.3503283 27.2939333)
20883,RT @NintendoAmerica: Bowser's Fury will be unleashed in a new #SuperMario3DWorld + #BowsersFury trailer tomorrow! Come back at 6am PT to se‚Ä¶,"South Island, Mobius","Moebius, Kasese, Western Region, Uganda",0.3756422,29.8757612,POINT (29.8757612 0.3756422)
7791,This new Super Mario 3D World + Bowser&amp;#039;s Fury trailer reminds us of how good the... https://t.co/MrEoXjR244 https://t.co/GX3FhyzmXy,"Los Angeles, CA","Los Angeles, Los Angeles County, California, United States",34.0536909,-118.242766,POINT (-118.242766 34.0536909)
21717,RT @NintendoAmerica: Bowser's Fury will be unleashed in a new #SuperMario3DWorld + #BowsersFury trailer tomorrow! Come back at 6am PT to se‚Ä¶,she/her,"Better Than Her, 5640, Spring Garden Road, Downtown Halifax, Halifax, Halifax Regional Municipality, Halifax County, Nova Scotia, B3J 1G1, Canada",44.6425012,-63.5781491,POINT (-63.5781491 44.6425012)
8886,RT @Nibellion: Official key art for Bowser's Fury https://t.co/FlyRwzo6xP,"Indiana, USA","Indiana, United States",40.3270127,-86.1746933,POINT (-86.1746933 40.3270127)
5018,RT @Nibellion: Official key art for Bowser's Fury https://t.co/FlyRwzo6xP,Connecticut,"Connecticut, United States",41.6500201,-72.7342163,POINT (-72.7342163 41.6500201)
6805,"Super Mario 3D World + Bowser's Fury, 2020. https://t.co/67HZOu22iL",üåà15 - He/Him,"15, K√∂hlerstra√üe, Aegidienberg, Himberg, Bad Honnef, Rhein-Sieg-Kreis, Nordrhein-Westfalen, 53604, Deutschland",50.65217375,7.3003122000000005,POINT (7.3003122 50.65217375)
24978,RT @NintendoAmerica: Bowser's Fury will be unleashed in a new #SuperMario3DWorld + #BowsersFury trailer tomorrow! Come back at 6am PT to se‚Ä¶,THAILAND,‡∏õ‡∏£‡∏∞‡πÄ‡∏ó‡∏®‡πÑ‡∏ó‡∏¢,14.8971921,100.83273,POINT (100.83273 14.8971921)
17785,"Bowser's Fury is basically a Super Mario Odyssey kingdom!

Also, Mario and Bowser Dynamax battle. https://t.co/IJiXUcM4S7","Maring√°, Paran√°, Brasil","Maring√°, Regi√£o Geogr√°fica Imediata de Maring√°, Regi√£o Geogr√°fica Intermedi√°ria de Maring√°, Paran√°, Regi√£o Sul, Brasil",-23.425269,-51.9382078,POINT (-51.9382078 -23.425269)
7343,RT @ImagesEv: Bowser's Fury https://t.co/8NNijprZeT,"Paris, France","Paris, √éle-de-France, France m√©tropolitaine, France",48.8566969,2.3514616,POINT (2.3514616 48.8566969)
10318,RT @ActualAero: So Bowser‚Äôs Fury looks like open-sandbox type of levels inside Super Mario 3D World! That‚Äôs dope! I wonder how many levels‚Ä¶,Canada,Canada,61.0666922,-107.9917071,POINT (-107.9917071 61.0666922)
21720,RT @NintendoAmerica: Bowser's Fury will be unleashed in a new #SuperMario3DWorld + #BowsersFury trailer tomorrow! Come back at 6am PT to se‚Ä¶,"Nebraska, USA","Nebraska, United States",41.7370229,-99.5873816,POINT (-99.5873816 41.7370229)
23665,RT @NintendoAmerica: Bowser's Fury will be unleashed in a new #SuperMario3DWorld + #BowsersFury trailer tomorrow! Come back at 6am PT to se‚Ä¶,texas,"Texas, United States",31.8160381,-99.5120986,POINT (-99.5120986 31.8160381)
1426,"RT @MattMcMuscles: Hmm yes yes. I will be buying Bowser's Fury. BTW, In Nintendo's press release, this new form was dubbed ""God-Slayer Bows‚Ä¶","Franche-Comt√©, France","Franche-Comt√©, France m√©tropolitaine, France",47.14258475,6.132022233575384,POINT (6.132022233575384 47.14258475)
10953,"RT @getFANDOM: A bigger, badder Bowser is on the rampage in the new trailer for 'Super Mario 3D World + Bowser's Fury,' coming to Switch on‚Ä¶",Canada,Canada,61.0666922,-107.9917071,POINT (-107.9917071 61.0666922)
8136,"RT @beardfear: Absolutely livid that Nintendo isn't releasing Bowser's Fury as DLC for the Wii U. If this is how Nintendo treats its fans,‚Ä¶",pog city,"Pog, Pult, Bashkia Shkod√´r, Qarku i Shkodr√´s, Shqip√´ria veriore, 4010, Shqip√´ria",42.2630024,19.698022,POINT (19.698022 42.2630024)
